-- MySQL Administrator dump 1.4
--
-- ------------------------------------------------------
-- Server version	5.5.51


/*!40101 SET @OLD_CHARACTER_SET_CLIENT=@@CHARACTER_SET_CLIENT */;
/*!40101 SET @OLD_CHARACTER_SET_RESULTS=@@CHARACTER_SET_RESULTS */;
/*!40101 SET @OLD_COLLATION_CONNECTION=@@COLLATION_CONNECTION */;
/*!40101 SET NAMES utf8 */;

/*!40014 SET @OLD_UNIQUE_CHECKS=@@UNIQUE_CHECKS, UNIQUE_CHECKS=0 */;
/*!40014 SET @OLD_FOREIGN_KEY_CHECKS=@@FOREIGN_KEY_CHECKS, FOREIGN_KEY_CHECKS=0 */;
/*!40101 SET @OLD_SQL_MODE=@@SQL_MODE, SQL_MODE='NO_AUTO_VALUE_ON_ZERO' */;


--
-- Create schema db_gti
--

CREATE DATABASE IF NOT EXISTS db_gti;
USE db_gti;

--
-- Definition of table `software_laboratorio`
--

DROP TABLE IF EXISTS `software_laboratorio`;
CREATE TABLE `software_laboratorio` (
  `cd_software` int(11) NOT NULL DEFAULT '0',
  `cd_laboratorio` int(11) NOT NULL DEFAULT '0',
  `ds_semestre` varchar(10) COLLATE utf8_unicode_ci DEFAULT NULL,
  PRIMARY KEY (`cd_software`,`cd_laboratorio`),
  KEY `fk_software_laboratorio_laboratorio` (`cd_laboratorio`),
  CONSTRAINT `fk_software_laboratorio_laboratorio` FOREIGN KEY (`cd_laboratorio`) REFERENCES `tb_laboratorio` (`cd_laboratorio`) ON DELETE CASCADE ON UPDATE CASCADE,
  CONSTRAINT `fk_software_laboratorio_software` FOREIGN KEY (`cd_software`) REFERENCES `tb_software` (`cd_software`) ON DELETE CASCADE ON UPDATE CASCADE
) ENGINE=InnoDB DEFAULT CHARSET=utf8 COLLATE=utf8_unicode_ci;

--
-- Dumping data for table `software_laboratorio`
--

/*!40000 ALTER TABLE `software_laboratorio` DISABLE KEYS */;
INSERT INTO `software_laboratorio` (`cd_software`,`cd_laboratorio`,`ds_semestre`) VALUES 
 (13,5,'1/2017'),
 (15,3,'1/2017'),
 (18,5,'1/2017');
/*!40000 ALTER TABLE `software_laboratorio` ENABLE KEYS */;


--
-- Definition of table `tb_aula`
--

DROP TABLE IF EXISTS `tb_aula`;
CREATE TABLE `tb_aula` (
  `cd_aula` int(11) NOT NULL AUTO_INCREMENT,
  `dd_semana_aula` tinyint(1) DEFAULT NULL,
  `ds_periodo` char(1) DEFAULT NULL,
  `cd_horario` tinyint(1) DEFAULT NULL,
  `cd_curso` int(11) DEFAULT NULL,
  `cd_materia` int(11) DEFAULT NULL,
  `cd_professor` int(11) DEFAULT NULL,
  `cd_laboratorio` int(11) DEFAULT NULL,
  `ds_semestre` varchar(10) DEFAULT NULL,
  PRIMARY KEY (`cd_aula`),
  KEY `fk_aula_curso` (`cd_curso`),
  KEY `fk_aula_materia` (`cd_materia`),
  KEY `fk_aula_professor` (`cd_professor`),
  KEY `fk_aula_laboratorio` (`cd_laboratorio`)
) ENGINE=InnoDB AUTO_INCREMENT=8259 DEFAULT CHARSET=utf8;

--
-- Dumping data for table `tb_aula`
--

/*!40000 ALTER TABLE `tb_aula` DISABLE KEYS */;
INSERT INTO `tb_aula` (`cd_aula`,`dd_semana_aula`,`ds_periodo`,`cd_horario`,`cd_curso`,`cd_materia`,`cd_professor`,`cd_laboratorio`,`ds_semestre`) VALUES 
 (1,3,'N',1,20,83,83,30,'2/2016'),
 (2,4,'N',1,20,88,84,30,'2/2016'),
 (3,4,'N',2,20,88,84,30,'2/2016'),
 (6,1,'N',1,20,23,81,30,'2/2016'),
 (7,1,'N',2,20,23,81,30,'2/2016'),
 (8,2,'N',1,20,37,82,30,'2/2016'),
 (9,2,'N',2,20,37,82,30,'2/2016'),
 (12,1,'N',1,1,1,10,3,'2/2016'),
 (13,1,'N',2,1,1,10,3,'2/2016'),
 (14,2,'N',1,17,2,121,3,'2/2016'),
 (15,3,'N',1,25,61,75,3,'2/2016'),
 (16,3,'N',2,25,61,75,3,'2/2016'),
 (19,5,'N',1,23,118,14,3,'2/2016'),
 (20,5,'N',2,23,118,14,3,'2/2016'),
 (22,4,'N',1,5,NULL,1,2,'2/2016'),
 (25,3,'M',1,5,NULL,2,1,'2/2016'),
 (26,3,'M',2,5,NULL,2,1,'2/2016'),
 (27,3,'M',1,5,NULL,8,2,'2/2016'),
 (28,3,'M',2,5,NULL,8,2,'2/2016'),
 (30,4,'N',2,20,140,88,25,'2/2016'),
 (31,4,'M',1,5,NULL,4,2,'2/2016'),
 (32,4,'M',2,5,NULL,4,2,'2/2016'),
 (33,4,'M',1,25,142,24,6,'2/2016'),
 (34,4,'M',2,25,142,24,6,'2/2016'),
 (35,3,'M',2,27,143,NULL,9,'2/2016'),
 (36,2,'M',1,13,146,66,13,'2/2016'),
 (37,4,'M',1,13,145,100,13,'2/2016'),
 (38,5,'M',1,13,144,111,13,'2/2016'),
 (39,5,'M',2,13,144,111,13,'2/2016'),
 (40,1,'M',1,25,147,69,15,'2/2016'),
 (41,1,'M',2,25,147,69,15,'2/2016'),
 (42,2,'M',1,25,149,58,16,'2/2016'),
 (43,2,'M',2,25,149,58,16,'2/2016'),
 (44,3,'M',1,25,149,71,16,'2/2016'),
 (45,3,'M',2,25,149,71,16,'2/2016'),
 (46,4,'M',1,25,70,53,16,'2/2016'),
 (47,4,'M',2,25,70,53,16,'2/2016'),
 (50,2,'M',1,1,130,54,17,'2/2016'),
 (51,5,'M',1,17,103,43,17,'2/2016'),
 (52,5,'M',2,17,103,43,17,'2/2016'),
 (53,6,'M',1,20,154,117,17,'2/2016'),
 (54,6,'M',2,20,154,117,17,'2/2016'),
 (55,1,'M',1,13,7,34,19,'2/2016'),
 (56,1,'M',2,13,7,34,19,'2/2016'),
 (57,4,'M',1,25,147,68,19,'2/2016'),
 (58,4,'M',2,25,147,68,19,'2/2016'),
 (59,5,'M',1,25,150,67,19,'2/2016'),
 (60,5,'M',2,25,150,67,19,'2/2016'),
 (61,6,'M',1,24,NULL,NULL,19,'2/2016'),
 (62,6,'M',2,24,NULL,NULL,19,'2/2016'),
 (65,1,'M',1,17,157,11,21,'2/2016'),
 (66,1,'M',1,1,159,35,22,'2/2016'),
 (67,1,'M',2,1,159,35,22,'2/2016'),
 (68,1,'M',3,1,158,35,22,'2/2016'),
 (69,4,'M',2,1,10,37,22,'2/2016'),
 (70,4,'M',3,1,10,37,22,'2/2016'),
 (71,5,'M',1,1,44,39,22,'2/2016'),
 (72,5,'M',2,1,44,39,22,'2/2016'),
 (73,6,'M',1,1,159,35,22,'2/2016'),
 (74,6,'M',2,1,158,35,22,'2/2016'),
 (75,5,'N',1,5,65,79,NULL,'2/2016'),
 (78,4,'M',2,1,162,36,23,'2/2016'),
 (79,4,'N',1,20,140,88,25,'2/2016'),
 (80,6,'M',2,20,154,88,25,'2/2016'),
 (81,6,'M',2,9,164,95,26,'2/2016'),
 (82,6,'M',2,9,164,95,27,'2/2016'),
 (83,6,'M',3,9,164,95,27,'2/2016'),
 (84,6,'M',1,9,165,22,28,'2/2016'),
 (85,6,'M',2,9,165,22,28,'2/2016'),
 (86,6,'M',1,20,154,84,30,'2/2016'),
 (87,6,'M',2,20,154,84,30,'2/2016'),
 (88,2,'M',1,25,166,52,32,'2/2016'),
 (89,2,'M',2,25,166,52,32,'2/2016'),
 (90,2,'M',3,25,166,52,32,'2/2016'),
 (91,3,'M',1,25,31,82,32,'2/2016'),
 (92,3,'M',2,25,31,82,32,'2/2016'),
 (93,3,'M',3,25,31,82,32,'2/2016'),
 (94,4,'M',1,25,NULL,82,32,'2/2016'),
 (95,4,'M',2,25,NULL,82,32,'2/2016'),
 (96,6,'M',1,25,168,15,4,'2/2016'),
 (97,6,'M',2,25,168,15,4,'2/2016'),
 (98,6,'M',1,25,169,111,6,'2/2016'),
 (99,6,'M',2,25,169,111,6,'2/2016'),
 (100,6,'T',1,25,NULL,112,6,'2/2016'),
 (101,6,'T',2,25,NULL,112,6,'2/2016'),
 (102,6,'M',1,28,NULL,NULL,8,'2/2016'),
 (103,6,'M',2,28,NULL,NULL,8,'2/2016'),
 (104,6,'M',3,28,NULL,NULL,8,'2/2016'),
 (105,6,'T',1,28,NULL,NULL,8,'2/2016'),
 (106,6,'T',2,28,NULL,NULL,8,'2/2016'),
 (107,6,'T',3,28,NULL,NULL,8,'2/2016'),
 (108,6,'T',1,27,170,NULL,9,'2/2016'),
 (109,6,'T',2,27,171,NULL,9,'2/2016'),
 (110,6,'M',1,25,172,113,10,'2/2016'),
 (111,6,'M',2,25,172,113,10,'2/2016'),
 (112,6,'M',1,1,156,36,11,'2/2016'),
 (113,6,'M',2,1,156,36,11,'2/2016'),
 (114,6,'M',1,25,173,40,12,'2/2016'),
 (115,6,'M',2,25,173,40,12,'2/2016'),
 (116,6,'M',1,25,174,29,13,'2/2016'),
 (117,6,'M',2,25,174,29,13,'2/2016'),
 (118,6,'M',1,25,NULL,115,14,'2/2016'),
 (119,6,'M',2,25,NULL,115,14,'2/2016'),
 (120,6,'M',1,28,NULL,NULL,15,'2/2016'),
 (121,6,'M',2,28,NULL,NULL,15,'2/2016'),
 (122,6,'M',3,28,NULL,NULL,15,'2/2016'),
 (123,6,'T',1,28,NULL,NULL,15,'2/2016'),
 (124,6,'T',2,28,NULL,NULL,15,'2/2016'),
 (125,6,'T',3,28,NULL,NULL,15,'2/2016'),
 (126,6,'M',1,25,148,122,16,'2/2016'),
 (127,6,'M',2,25,70,122,16,'2/2016'),
 (128,6,'M',1,25,176,61,18,'2/2016'),
 (129,6,'M',2,25,176,61,18,'2/2016'),
 (130,6,'M',1,25,46,119,20,'2/2016'),
 (131,6,'M',2,25,46,119,20,'2/2016'),
 (132,6,'M',1,25,46,69,21,'2/2016'),
 (133,6,'M',2,25,46,69,21,'2/2016'),
 (134,6,'M',1,28,NULL,NULL,23,'2/2016'),
 (135,6,'T',1,28,NULL,NULL,23,'2/2016'),
 (136,6,'M',2,28,NULL,NULL,23,'2/2016'),
 (137,6,'T',2,28,NULL,NULL,23,'2/2016'),
 (138,6,'M',3,28,NULL,NULL,23,'2/2016'),
 (139,6,'T',3,28,NULL,NULL,23,'2/2016'),
 (140,6,'M',1,25,178,79,24,'2/2016'),
 (141,6,'M',2,25,178,79,24,'2/2016'),
 (142,6,'T',1,20,179,88,25,'2/2016'),
 (143,6,'T',1,9,180,97,26,'2/2016'),
 (144,6,'T',1,9,180,97,27,'2/2016'),
 (145,6,'M',1,24,NULL,NULL,29,'2/2016'),
 (146,6,'M',2,24,NULL,NULL,29,'2/2016'),
 (147,6,'M',1,25,31,NULL,31,'2/2016'),
 (148,6,'M',2,25,31,NULL,31,'2/2016'),
 (149,6,'M',1,25,86,83,32,'2/2016'),
 (150,6,'M',2,25,86,83,32,'2/2016'),
 (151,6,'M',1,25,184,109,33,'2/2016'),
 (152,6,'M',2,25,184,109,33,'2/2016'),
 (153,1,'N',1,5,NULL,1,1,'2/2016'),
 (154,1,'N',2,5,NULL,1,1,'2/2016'),
 (155,2,'N',1,5,NULL,2,1,'2/2016'),
 (156,2,'N',2,5,NULL,2,1,'2/2016'),
 (157,3,'N',1,5,NULL,3,1,'2/2016'),
 (158,3,'N',2,5,NULL,3,1,'2/2016'),
 (159,4,'N',1,5,NULL,4,1,'2/2016'),
 (160,4,'N',2,5,NULL,3,1,'2/2016'),
 (161,5,'N',1,5,NULL,5,1,'2/2016'),
 (162,5,'N',2,5,NULL,5,1,'2/2016'),
 (163,1,'N',1,5,NULL,5,2,'2/2016'),
 (164,1,'N',2,5,NULL,7,2,'2/2016'),
 (165,2,'N',1,5,NULL,8,2,'2/2016'),
 (166,2,'N',2,5,NULL,5,2,'2/2016'),
 (167,3,'N',1,5,NULL,8,2,'2/2016'),
 (168,3,'N',2,5,NULL,5,2,'2/2016'),
 (169,5,'N',1,5,NULL,9,2,'2/2016'),
 (170,5,'N',2,5,NULL,8,2,'2/2016'),
 (172,4,'N',1,25,117,13,3,'2/2016'),
 (173,4,'N',2,25,117,13,3,'2/2016'),
 (174,1,'M',1,5,NULL,123,1,'2/2016'),
 (175,1,'M',2,5,NULL,124,1,'2/2016'),
 (176,1,'M',3,5,NULL,124,1,'2/2016'),
 (177,1,'N',1,25,185,120,4,'2/2016'),
 (178,1,'N',2,25,185,120,4,'2/2016'),
 (179,2,'N',1,25,60,17,4,'2/2016'),
 (180,2,'N',2,25,60,17,4,'2/2016'),
 (181,3,'N',1,25,62,17,4,'2/2016'),
 (182,3,'N',2,25,62,17,4,'2/2016'),
 (183,4,'N',1,25,116,16,4,'2/2016'),
 (184,4,'N',2,25,116,16,4,'2/2016'),
 (185,5,'N',1,24,NULL,NULL,4,'2/2016'),
 (186,5,'N',2,24,NULL,NULL,4,'2/2016'),
 (187,1,'N',1,23,186,19,5,'2/2016'),
 (188,1,'N',2,23,186,19,5,'2/2016'),
 (189,2,'N',1,23,59,20,5,'2/2016'),
 (190,2,'N',2,23,59,20,5,'2/2016'),
 (191,3,'N',1,23,63,20,5,'2/2016'),
 (192,3,'N',2,23,63,20,5,'2/2016'),
 (193,4,'N',1,23,115,21,5,'2/2016'),
 (194,4,'N',2,23,115,21,5,'2/2016'),
 (195,5,'N',1,23,119,23,5,'2/2016'),
 (196,5,'N',2,23,119,23,5,'2/2016'),
 (197,1,'N',1,25,5,24,6,'2/2016'),
 (198,1,'N',2,25,5,24,6,'2/2016'),
 (199,2,'N',1,25,58,25,6,'2/2016'),
 (200,2,'N',2,25,58,25,6,'2/2016'),
 (201,3,'N',1,25,5,24,6,'2/2016'),
 (202,3,'N',2,25,5,24,6,'2/2016'),
 (203,4,'N',1,25,114,7,6,'2/2016'),
 (204,4,'N',2,25,114,7,6,'2/2016'),
 (205,5,'N',1,25,114,26,6,'2/2016'),
 (206,5,'N',2,25,114,26,6,'2/2016'),
 (207,1,'N',1,25,113,27,8,'2/2016'),
 (208,1,'N',2,25,16,27,8,'2/2016'),
 (209,2,'N',1,25,57,28,8,'2/2016'),
 (210,2,'N',2,25,57,28,8,'2/2016'),
 (211,3,'N',1,25,57,28,8,'2/2016'),
 (212,3,'N',2,25,57,28,8,'2/2016'),
 (213,4,'N',1,25,113,27,8,'2/2016'),
 (214,4,'N',2,25,113,27,8,'2/2016'),
 (215,5,'N',1,25,120,47,8,'2/2016'),
 (216,5,'N',2,25,120,47,8,'2/2016'),
 (217,1,'N',1,26,NULL,137,7,'2/2016'),
 (218,1,'N',2,26,NULL,137,7,'2/2016'),
 (219,1,'N',3,26,NULL,137,7,'2/2016'),
 (220,2,'N',1,26,NULL,NULL,7,'2/2016'),
 (221,2,'N',2,26,NULL,NULL,7,'2/2016'),
 (222,2,'N',3,26,NULL,NULL,7,'2/2016'),
 (223,3,'N',1,26,NULL,NULL,7,'2/2016'),
 (224,3,'N',2,26,NULL,NULL,7,'2/2016'),
 (225,3,'N',3,26,NULL,NULL,7,'2/2016'),
 (226,4,'N',1,26,NULL,NULL,7,'2/2016'),
 (227,4,'N',2,26,NULL,NULL,7,'2/2016'),
 (228,4,'N',3,26,NULL,NULL,7,'2/2016'),
 (229,5,'N',1,26,NULL,NULL,7,'2/2016'),
 (232,1,'M',2,25,NULL,109,12,'2/2015'),
 (233,5,'N',2,26,NULL,NULL,7,'2/2016'),
 (234,5,'N',3,26,NULL,NULL,7,'2/2016'),
 (235,6,'M',1,26,NULL,NULL,7,'2/2016'),
 (236,6,'M',2,26,NULL,NULL,7,'2/2016'),
 (237,6,'M',3,26,NULL,NULL,7,'2/2016'),
 (238,1,'N',1,13,7,34,9,'2/2016'),
 (239,1,'N',2,13,7,34,9,'2/2016'),
 (240,2,'N',1,13,56,33,9,'2/2016'),
 (241,2,'N',2,13,56,33,9,'2/2016'),
 (242,3,'N',1,13,65,32,9,'2/2016'),
 (243,3,'N',2,13,65,32,9,'2/2016'),
 (244,4,'N',1,13,112,31,9,'2/2016'),
 (245,4,'N',2,13,112,31,9,'2/2016'),
 (246,5,'N',1,16,121,25,9,'2/2016'),
 (247,5,'N',2,16,121,25,9,'2/2016'),
 (248,1,'N',3,16,NULL,81,9,'2/2016'),
 (249,1,'N',1,1,8,35,10,'2/2016'),
 (250,1,'N',2,1,8,35,10,'2/2016'),
 (251,1,'N',3,1,8,35,10,'2/2016'),
 (252,2,'N',1,25,55,12,10,'2/2016'),
 (253,2,'N',2,25,55,12,10,'2/2016'),
 (254,2,'N',3,25,55,12,10,'2/2016'),
 (255,3,'N',1,24,NULL,NULL,10,'2/2016'),
 (256,3,'N',2,24,NULL,NULL,10,'2/2016'),
 (257,3,'N',3,24,NULL,NULL,10,'2/2016'),
 (258,4,'N',1,1,111,36,10,'2/2016'),
 (259,4,'N',2,1,111,36,10,'2/2016'),
 (260,4,'N',3,1,111,36,10,'2/2016'),
 (261,5,'N',1,1,10,37,10,'2/2016'),
 (262,5,'N',2,1,123,37,10,'2/2016'),
 (263,1,'N',1,25,NULL,24,6,'2/2015'),
 (264,1,'N',2,25,NULL,24,6,'2/2015'),
 (265,2,'N',1,25,58,NULL,6,'2/2015'),
 (266,2,'N',2,25,58,NULL,6,'2/2015'),
 (267,3,'N',1,25,5,24,6,'2/2015'),
 (268,3,'N',2,25,5,24,6,'2/2015'),
 (269,4,'N',1,25,114,7,6,'2/2015'),
 (270,4,'N',2,25,114,7,6,'2/2015'),
 (271,5,'N',1,25,114,26,6,'2/2015'),
 (272,5,'N',2,25,114,26,6,'2/2015'),
 (274,6,'M',1,25,169,111,6,'2/2015'),
 (275,1,'N',1,25,NULL,80,8,'2/2015'),
 (276,1,'N',2,25,NULL,80,8,'2/2015'),
 (277,2,'N',1,25,57,28,8,'2/2015'),
 (278,2,'N',2,25,57,28,8,'2/2015'),
 (279,3,'N',1,25,57,28,8,'2/2015'),
 (280,3,'N',2,25,57,28,8,'2/2015'),
 (281,4,'N',1,25,113,27,8,'2/2015'),
 (282,4,'N',2,25,113,27,8,'2/2015'),
 (283,1,'N',1,1,151,37,11,'2/2016'),
 (284,1,'N',2,1,161,37,11,'2/2016'),
 (285,6,'M',1,28,NULL,NULL,8,'2/2015'),
 (286,6,'M',2,28,NULL,NULL,8,'2/2015'),
 (287,6,'M',3,28,NULL,NULL,8,'2/2015'),
 (288,3,'N',1,25,NULL,75,7,'2/2015'),
 (289,3,'N',2,25,NULL,75,7,'2/2015'),
 (290,4,'N',1,28,NULL,116,7,'2/2015'),
 (291,4,'N',2,28,NULL,116,7,'2/2015'),
 (292,5,'N',1,25,NULL,75,7,'2/2015'),
 (293,5,'N',2,25,NULL,75,7,'2/2015'),
 (294,1,'N',1,16,NULL,25,9,'2/2015'),
 (295,1,'N',2,16,NULL,25,9,'2/2015'),
 (296,2,'N',1,13,NULL,NULL,9,'2/2015'),
 (297,2,'N',2,13,NULL,NULL,9,'2/2015'),
 (298,3,'N',1,13,65,32,9,'2/2015'),
 (299,3,'N',2,13,65,32,9,'2/2015'),
 (300,4,'N',1,13,NULL,43,9,'2/2015'),
 (301,4,'N',2,13,NULL,43,9,'2/2015'),
 (302,5,'N',1,13,NULL,42,9,'2/2015'),
 (303,5,'N',2,13,NULL,103,9,'2/2015'),
 (304,6,'M',1,25,NULL,29,9,'2/2015'),
 (305,1,'N',1,25,NULL,NULL,10,'2/2015'),
 (306,1,'N',2,25,NULL,NULL,10,'2/2015'),
 (311,4,'N',1,1,111,36,10,'2/2015'),
 (312,4,'N',2,1,111,36,10,'2/2015'),
 (313,5,'N',1,1,10,37,10,'2/2015'),
 (314,5,'N',2,1,123,37,10,'2/2015'),
 (315,6,'M',1,25,NULL,114,10,'2/2015'),
 (316,6,'M',2,25,NULL,114,10,'2/2015'),
 (317,1,'N',1,1,NULL,NULL,11,'2/2015'),
 (318,1,'N',2,1,NULL,NULL,11,'2/2015'),
 (319,2,'N',1,1,NULL,NULL,11,'2/2015'),
 (320,2,'N',2,1,NULL,NULL,11,'2/2015'),
 (321,3,'N',1,1,NULL,NULL,11,'2/2015'),
 (322,3,'N',2,1,NULL,NULL,11,'2/2015'),
 (323,4,'N',1,25,NULL,58,11,'2/2015'),
 (324,4,'N',2,25,NULL,58,11,'2/2015'),
 (325,5,'N',1,23,NULL,14,11,'2/2015'),
 (326,5,'N',2,23,NULL,14,11,'2/2015'),
 (327,6,'M',1,1,NULL,37,11,'2/2015'),
 (328,6,'M',2,1,NULL,37,11,'2/2015'),
 (329,1,'N',1,25,NULL,40,12,'2/2015'),
 (330,1,'N',2,25,NULL,40,12,'2/2015'),
 (331,2,'N',1,25,NULL,41,12,'2/2015'),
 (332,2,'N',2,25,NULL,41,12,'2/2015'),
 (333,3,'N',1,25,NULL,26,12,'2/2015'),
 (334,3,'N',2,25,NULL,26,12,'2/2015'),
 (335,4,'N',1,25,NULL,40,12,'2/2015'),
 (336,4,'N',2,25,NULL,40,12,'2/2015'),
 (337,5,'N',1,25,NULL,40,12,'2/2015'),
 (338,5,'N',2,25,NULL,40,12,'2/2015'),
 (339,6,'M',1,25,173,40,12,'2/2015'),
 (340,6,'M',2,25,173,40,12,'2/2015'),
 (341,1,'M',1,13,NULL,34,13,'2/2015'),
 (342,1,'N',1,25,NULL,27,13,'2/2015'),
 (343,1,'N',2,25,NULL,27,13,'2/2015'),
 (344,2,'N',1,25,NULL,27,13,'2/2015'),
 (345,2,'N',2,25,NULL,27,13,'2/2015'),
 (346,2,'M',1,13,NULL,100,13,'2/2015'),
 (347,3,'N',1,13,NULL,100,13,'2/2015'),
 (348,3,'N',2,13,NULL,100,13,'2/2015'),
 (349,4,'N',1,13,NULL,NULL,13,'2/2015'),
 (350,4,'N',2,13,NULL,NULL,13,'2/2015'),
 (351,4,'M',1,13,NULL,NULL,13,'2/2015'),
 (352,5,'M',1,13,144,111,13,'2/2015'),
 (353,5,'N',1,16,NULL,62,13,'2/2015'),
 (354,5,'N',2,16,NULL,62,13,'2/2015'),
 (355,6,'M',2,27,NULL,NULL,13,'2/2015'),
 (356,6,'M',3,27,NULL,NULL,13,'2/2015'),
 (357,1,'N',1,25,NULL,46,14,'2/2015'),
 (358,1,'N',2,25,NULL,46,14,'2/2015'),
 (359,2,'N',1,25,NULL,46,14,'2/2015'),
 (360,2,'N',2,25,NULL,46,14,'2/2015'),
 (361,4,'N',1,25,NULL,46,14,'2/2015'),
 (362,4,'N',2,25,NULL,46,14,'2/2015'),
 (363,3,'N',1,25,NULL,NULL,14,'2/2015'),
 (364,3,'N',2,25,NULL,NULL,14,'2/2015'),
 (365,5,'N',1,25,NULL,NULL,14,'2/2015'),
 (366,5,'N',2,25,NULL,NULL,14,'2/2015'),
 (367,6,'M',1,28,NULL,NULL,14,'2/2015'),
 (368,6,'M',2,28,NULL,NULL,14,'2/2015'),
 (369,1,'N',1,25,NULL,51,15,'2/2015'),
 (370,1,'N',2,25,NULL,51,15,'2/2015'),
 (371,2,'N',1,25,NULL,50,15,'2/2015'),
 (372,2,'N',2,25,NULL,50,15,'2/2015'),
 (373,3,'N',1,25,NULL,49,15,'2/2015'),
 (374,3,'N',2,25,NULL,49,15,'2/2015'),
 (375,4,'N',1,25,NULL,48,15,'2/2015'),
 (376,4,'N',2,25,NULL,48,15,'2/2015'),
 (377,5,'N',1,25,NULL,29,15,'2/2015'),
 (378,5,'N',2,25,NULL,29,15,'2/2015'),
 (379,6,'M',1,28,NULL,NULL,15,'2/2015'),
 (380,6,'M',2,28,NULL,NULL,15,'2/2015'),
 (381,6,'M',3,28,NULL,NULL,15,'2/2015'),
 (382,1,'N',1,25,NULL,26,16,'2/2015'),
 (383,1,'N',2,25,NULL,26,16,'2/2015'),
 (384,2,'M',1,25,149,58,16,'2/2015'),
 (385,2,'M',2,25,149,58,16,'2/2015'),
 (386,2,'N',1,25,NULL,26,16,'2/2015'),
 (387,2,'N',2,25,NULL,26,16,'2/2015'),
 (388,3,'M',1,25,149,71,16,'2/2015'),
 (389,3,'M',2,25,149,71,16,'2/2015'),
 (390,3,'N',1,25,NULL,122,16,'2/2015'),
 (391,3,'N',2,25,NULL,122,16,'2/2015'),
 (392,4,'M',1,25,NULL,122,16,'2/2015'),
 (393,4,'M',2,25,NULL,122,16,'2/2015'),
 (394,4,'N',1,25,NULL,122,16,'2/2015'),
 (395,4,'N',2,25,NULL,122,16,'2/2015'),
 (396,5,'M',1,25,NULL,NULL,16,'2/2015'),
 (397,5,'M',2,25,NULL,NULL,16,'2/2015'),
 (398,5,'N',1,25,NULL,122,16,'2/2015'),
 (399,5,'N',2,25,NULL,122,16,'2/2015'),
 (400,6,'M',1,25,NULL,76,16,'2/2015'),
 (403,1,'M',1,1,NULL,NULL,17,'2/2015'),
 (404,5,'M',1,17,103,43,17,'2/2015'),
 (405,1,'M',1,25,NULL,24,6,'1/2015'),
 (406,5,'M',2,23,NULL,NULL,17,'2/2015'),
 (407,1,'N',1,25,NULL,28,17,'2/2015'),
 (408,3,'M',1,25,NULL,24,6,'1/2015'),
 (409,3,'M',2,25,NULL,24,6,'1/2015'),
 (410,4,'M',1,25,NULL,58,6,'1/2015'),
 (411,1,'M',1,25,NULL,24,6,'1/2014'),
 (412,1,'N',2,25,NULL,28,17,'2/2015'),
 (413,4,'M',2,25,NULL,58,6,'1/2015'),
 (414,1,'N',1,25,5,24,6,'1/2014'),
 (415,1,'N',2,25,5,24,6,'1/2014'),
 (416,5,'M',1,25,NULL,71,6,'1/2015'),
 (417,5,'M',2,25,NULL,71,6,'1/2015'),
 (418,2,'N',1,25,NULL,12,17,'2/2015'),
 (419,2,'N',1,25,NULL,25,6,'1/2014'),
 (420,2,'N',2,25,NULL,12,17,'2/2015'),
 (422,2,'N',2,25,NULL,26,6,'1/2014'),
 (423,3,'N',1,23,NULL,19,17,'2/2015'),
 (424,3,'N',2,23,NULL,19,17,'2/2015'),
 (425,3,'M',1,25,NULL,24,6,'1/2014'),
 (426,3,'M',2,25,NULL,24,6,'1/2014'),
 (427,4,'N',1,20,NULL,55,17,'2/2015'),
 (428,4,'N',2,20,NULL,55,17,'2/2015'),
 (429,3,'N',1,25,5,24,6,'1/2014'),
 (430,3,'N',2,25,5,24,6,'1/2014'),
 (431,4,'M',1,25,142,24,6,'1/2014'),
 (432,5,'N',1,1,NULL,39,17,'2/2015'),
 (433,4,'M',2,25,142,24,6,'1/2014'),
 (434,5,'N',2,1,NULL,39,17,'2/2015'),
 (435,4,'N',1,25,NULL,46,6,'1/2014'),
 (436,6,'M',1,20,154,117,17,'2/2015'),
 (437,4,'N',2,25,NULL,46,6,'1/2014'),
 (438,6,'M',2,20,154,117,17,'2/2015'),
 (440,2,'M',1,1,NULL,35,18,'2/2015'),
 (441,5,'N',1,25,NULL,46,6,'1/2014'),
 (442,5,'N',2,25,NULL,46,6,'1/2014'),
 (443,1,'N',1,25,NULL,58,18,'2/2015'),
 (444,6,'M',1,25,169,111,6,'1/2014'),
 (445,6,'M',2,25,169,111,6,'1/2014'),
 (446,1,'N',2,25,NULL,58,18,'2/2015'),
 (447,2,'N',1,16,NULL,59,18,'2/2015'),
 (448,2,'N',2,16,NULL,59,18,'2/2015'),
 (449,3,'N',1,16,NULL,65,18,'2/2015'),
 (450,3,'N',2,16,NULL,65,18,'2/2015'),
 (451,1,'N',1,25,NULL,52,8,'1/2014'),
 (452,4,'N',1,16,NULL,111,18,'2/2015'),
 (453,1,'N',2,25,NULL,52,8,'1/2014'),
 (454,4,'N',2,16,NULL,111,18,'2/2015'),
 (455,2,'N',1,25,57,28,8,'1/2014'),
 (456,2,'N',2,25,57,28,8,'1/2014'),
 (457,5,'N',1,25,NULL,61,18,'2/2015'),
 (458,1,'M',1,17,NULL,11,13,'1/2015'),
 (459,5,'N',2,25,NULL,61,18,'2/2015'),
 (460,3,'N',1,25,NULL,47,8,'1/2014'),
 (461,6,'M',1,25,176,61,18,'2/2015'),
 (462,3,'N',2,25,NULL,47,8,'1/2014'),
 (463,6,'M',2,25,176,61,18,'2/2015'),
 (464,4,'N',1,25,113,27,8,'1/2014'),
 (465,4,'N',2,25,113,27,8,'1/2014'),
 (466,5,'M',1,22,NULL,120,13,'1/2015'),
 (467,5,'M',2,22,NULL,120,13,'1/2015'),
 (468,1,'N',1,13,NULL,34,19,'2/2015'),
 (471,2,'M',1,25,NULL,68,19,'2/2015'),
 (472,6,'M',1,28,NULL,NULL,8,'1/2014'),
 (473,6,'M',2,28,NULL,NULL,8,'1/2014'),
 (474,6,'M',3,28,NULL,NULL,8,'1/2014'),
 (475,2,'M',2,25,NULL,68,19,'2/2015'),
 (476,1,'M',1,25,NULL,58,16,'1/2015'),
 (477,2,'M',1,25,NULL,126,16,'1/2015'),
 (478,2,'M',2,25,NULL,126,16,'1/2015'),
 (479,4,'M',1,25,NULL,68,19,'2/2015'),
 (480,1,'M',2,27,NULL,NULL,9,'1/2014'),
 (481,4,'M',2,25,NULL,68,19,'2/2015'),
 (482,3,'M',1,25,NULL,71,16,'1/2015'),
 (483,1,'M',3,27,NULL,NULL,9,'1/2014'),
 (484,5,'M',1,25,NULL,67,19,'2/2015'),
 (485,5,'M',2,25,NULL,67,19,'2/2015'),
 (486,1,'N',1,13,NULL,65,9,'1/2014'),
 (487,3,'M',2,25,NULL,71,16,'1/2015'),
 (488,1,'N',2,13,NULL,64,9,'1/2014'),
 (489,1,'N',2,13,NULL,34,19,'2/2015'),
 (490,2,'N',1,13,NULL,NULL,9,'1/2014'),
 (491,2,'N',2,13,NULL,NULL,9,'1/2014'),
 (492,4,'M',1,25,NULL,122,16,'1/2015'),
 (493,2,'N',1,13,NULL,63,19,'2/2015'),
 (494,3,'N',1,13,NULL,34,9,'1/2014'),
 (495,2,'N',2,13,NULL,63,19,'2/2015'),
 (496,4,'M',2,25,NULL,122,16,'1/2015'),
 (497,3,'N',2,13,NULL,34,9,'1/2014'),
 (498,3,'N',1,13,NULL,31,19,'2/2015'),
 (499,3,'N',2,13,NULL,31,19,'2/2015'),
 (500,5,'M',1,25,NULL,126,16,'1/2015'),
 (501,5,'M',2,25,NULL,126,16,'1/2015'),
 (502,4,'N',1,16,NULL,25,9,'1/2014'),
 (503,4,'N',2,16,NULL,25,9,'1/2014'),
 (504,4,'N',1,16,NULL,NULL,19,'2/2015'),
 (505,5,'N',1,16,NULL,NULL,9,'1/2014'),
 (506,5,'N',2,16,NULL,NULL,9,'1/2014'),
 (507,4,'N',2,16,NULL,NULL,19,'2/2015'),
 (508,5,'N',1,16,NULL,25,19,'2/2015'),
 (509,6,'M',1,25,NULL,29,9,'1/2014'),
 (510,5,'N',2,16,NULL,NULL,19,'2/2015'),
 (511,1,'M',1,1,NULL,126,17,'1/2015'),
 (513,1,'N',1,1,NULL,37,10,'1/2014'),
 (514,1,'N',2,1,NULL,37,10,'1/2014'),
 (515,2,'N',1,1,NULL,35,10,'1/2014'),
 (516,2,'N',2,1,NULL,35,10,'1/2014'),
 (517,3,'N',1,1,NULL,36,10,'1/2014'),
 (518,6,'M',1,1,NULL,36,19,'2/2015'),
 (519,3,'N',2,1,NULL,36,10,'1/2014'),
 (520,6,'M',2,1,NULL,36,19,'2/2015'),
 (521,4,'N',1,1,NULL,39,10,'1/2014'),
 (522,4,'N',2,1,NULL,39,10,'1/2014'),
 (523,5,'N',1,1,NULL,36,10,'1/2014'),
 (524,5,'N',2,1,NULL,36,10,'1/2014'),
 (525,1,'N',1,25,11,40,12,'2/2016'),
 (526,1,'N',2,25,11,40,12,'2/2016'),
 (527,6,'M',1,1,NULL,37,10,'1/2014'),
 (528,6,'M',2,1,NULL,37,10,'1/2014'),
 (529,2,'N',1,25,11,40,12,'2/2016'),
 (530,2,'N',2,25,11,40,12,'2/2016'),
 (531,1,'N',1,25,NULL,67,20,'2/2015'),
 (532,1,'N',2,25,NULL,67,20,'2/2015'),
 (533,1,'N',1,1,NULL,NULL,11,'1/2014'),
 (534,3,'N',1,25,49,41,12,'2/2016'),
 (535,1,'N',2,1,NULL,NULL,11,'1/2014'),
 (536,3,'N',2,25,49,41,12,'2/2016'),
 (537,2,'N',1,1,NULL,NULL,11,'1/2014'),
 (538,2,'N',1,25,NULL,67,20,'2/2015'),
 (539,2,'N',2,1,NULL,NULL,11,'1/2014'),
 (540,4,'N',1,25,49,40,12,'2/2016'),
 (541,1,'N',1,1,NULL,56,3,'2/2014'),
 (542,4,'N',2,25,49,40,12,'2/2016'),
 (543,2,'N',2,25,NULL,67,20,'2/2015'),
 (544,3,'N',1,1,NULL,35,11,'1/2014'),
 (545,1,'N',2,1,NULL,56,3,'2/2014'),
 (546,3,'N',2,1,NULL,35,11,'1/2014'),
 (547,5,'N',1,25,125,40,12,'2/2016'),
 (548,3,'N',1,25,NULL,11,20,'2/2015'),
 (549,3,'N',2,25,NULL,11,20,'2/2015'),
 (550,5,'N',2,25,125,40,12,'2/2016'),
 (551,4,'N',1,25,NULL,67,20,'2/2015'),
 (552,4,'N',2,25,NULL,67,20,'2/2015'),
 (553,5,'N',1,25,NULL,11,20,'2/2015'),
 (554,4,'N',1,25,NULL,NULL,11,'1/2014'),
 (555,4,'N',2,25,NULL,NULL,11,'1/2014'),
 (556,5,'N',2,25,NULL,11,20,'2/2015'),
 (557,5,'N',1,1,NULL,37,11,'1/2014'),
 (558,6,'M',1,25,NULL,11,20,'2/2015'),
 (559,5,'N',2,1,NULL,37,11,'1/2014'),
 (560,6,'M',2,25,NULL,11,20,'2/2015'),
 (561,1,'N',1,25,68,26,13,'2/2016'),
 (562,1,'N',2,25,68,26,13,'2/2016'),
 (563,6,'M',1,1,NULL,37,11,'1/2014'),
 (564,6,'M',2,1,NULL,37,11,'1/2014'),
 (565,2,'N',1,25,53,27,13,'2/2016'),
 (566,2,'N',2,25,53,27,13,'2/2016'),
 (567,1,'N',3,1,NULL,56,3,'2/2014'),
 (568,1,'M',1,17,NULL,11,21,'2/2015'),
 (569,3,'N',1,13,67,44,13,'2/2016'),
 (570,3,'N',2,13,67,44,13,'2/2016'),
 (571,1,'N',1,25,NULL,11,21,'2/2015'),
 (572,1,'N',2,25,NULL,11,21,'2/2015'),
 (573,4,'N',1,13,108,43,13,'2/2016'),
 (574,2,'N',1,25,NULL,11,21,'2/2015'),
 (575,2,'N',2,25,NULL,11,21,'2/2015'),
 (576,4,'N',2,13,108,43,13,'2/2016'),
 (577,5,'N',1,13,126,42,13,'2/2016'),
 (578,3,'N',1,1,NULL,56,21,'2/2015'),
 (579,5,'N',2,13,126,42,13,'2/2016'),
 (580,3,'N',2,1,NULL,56,21,'2/2015'),
 (581,4,'N',1,25,NULL,11,21,'2/2015'),
 (582,4,'M',1,25,NULL,NULL,12,'1/2014'),
 (583,4,'N',2,25,NULL,11,21,'2/2015'),
 (584,4,'M',2,25,NULL,NULL,12,'1/2014'),
 (585,2,'N',1,20,NULL,83,3,'2/2014'),
 (586,1,'N',1,25,13,46,14,'2/2016'),
 (587,1,'N',2,25,13,46,14,'2/2016'),
 (588,2,'N',2,20,NULL,83,3,'2/2014'),
 (589,5,'N',1,1,NULL,36,21,'2/2015'),
 (590,2,'N',3,20,NULL,83,3,'2/2014'),
 (591,5,'N',2,1,NULL,36,21,'2/2015'),
 (592,1,'N',1,25,NULL,26,12,'1/2014'),
 (593,2,'N',1,25,13,46,14,'2/2016'),
 (594,2,'N',2,25,13,46,14,'2/2016'),
 (595,1,'N',2,25,NULL,26,12,'1/2014'),
 (596,2,'N',1,25,NULL,40,12,'1/2014'),
 (597,2,'N',2,25,NULL,40,12,'1/2014'),
 (598,5,'M',1,17,NULL,128,17,'1/2015'),
 (600,3,'N',1,25,68,26,14,'2/2016'),
 (601,3,'N',1,25,NULL,40,12,'1/2014'),
 (602,3,'N',2,25,NULL,40,12,'1/2014'),
 (603,6,'M',1,25,NULL,119,21,'2/2015'),
 (604,3,'N',2,25,68,26,14,'2/2016'),
 (605,4,'N',1,25,NULL,40,12,'1/2014'),
 (606,6,'M',2,25,NULL,119,21,'2/2015'),
 (607,4,'N',2,25,NULL,40,12,'1/2014'),
 (608,4,'N',1,25,13,46,14,'2/2016'),
 (609,4,'N',2,25,13,46,14,'2/2016'),
 (610,5,'N',1,25,13,46,14,'2/2016'),
 (611,5,'N',1,25,NULL,40,12,'1/2014'),
 (612,5,'N',2,25,13,46,14,'2/2016'),
 (613,5,'N',2,25,NULL,40,12,'1/2014'),
 (614,3,'N',1,25,NULL,127,3,'2/2014'),
 (615,6,'M',1,25,NULL,40,12,'1/2014'),
 (616,1,'N',1,25,14,51,15,'2/2016'),
 (617,3,'N',2,25,NULL,127,3,'2/2014'),
 (618,1,'N',2,25,14,51,15,'2/2016'),
 (619,3,'N',3,25,NULL,127,3,'2/2014'),
 (620,6,'M',2,25,NULL,NULL,12,'1/2014'),
 (621,2,'N',1,25,51,50,15,'2/2016'),
 (622,2,'N',2,25,51,50,15,'2/2016'),
 (623,3,'N',1,25,69,49,15,'2/2016'),
 (624,1,'M',1,25,NULL,99,18,'1/2015'),
 (625,3,'N',2,25,69,49,15,'2/2016'),
 (626,1,'N',1,25,NULL,27,13,'1/2014'),
 (627,2,'M',1,1,NULL,35,18,'1/2015'),
 (628,1,'N',2,25,NULL,27,13,'1/2014'),
 (629,4,'N',1,25,51,48,15,'2/2016'),
 (630,2,'N',1,25,NULL,27,13,'1/2014'),
 (631,4,'N',2,25,51,48,15,'2/2016'),
 (632,2,'N',2,25,NULL,27,13,'1/2014'),
 (633,3,'N',1,16,NULL,66,13,'1/2014'),
 (634,5,'N',1,25,128,29,15,'2/2016'),
 (635,5,'N',2,25,128,29,15,'2/2016'),
 (636,3,'N',2,16,NULL,66,13,'1/2014'),
 (637,1,'N',1,25,15,52,16,'2/2016'),
 (638,4,'N',1,13,NULL,NULL,13,'1/2014'),
 (639,1,'N',2,25,15,52,16,'2/2016'),
 (640,2,'N',1,25,49,7,16,'2/2016'),
 (641,4,'N',2,13,NULL,63,13,'1/2014'),
 (642,2,'N',2,25,49,7,16,'2/2016'),
 (643,5,'N',1,13,NULL,100,13,'1/2014'),
 (644,3,'N',1,25,70,122,16,'2/2016'),
 (645,5,'N',2,13,NULL,100,13,'1/2014'),
 (646,3,'N',2,25,70,122,16,'2/2016'),
 (647,4,'N',1,25,70,122,16,'2/2016'),
 (648,4,'N',2,25,70,122,16,'2/2016'),
 (649,5,'N',1,25,70,122,16,'2/2016'),
 (650,5,'N',2,25,70,122,16,'2/2016'),
 (651,1,'M',1,13,NULL,66,19,'1/2015'),
 (652,1,'M',1,25,NULL,58,15,'1/2014'),
 (653,1,'N',1,25,16,28,17,'2/2016'),
 (654,4,'N',1,25,NULL,13,3,'2/2014'),
 (655,1,'N',2,25,16,28,17,'2/2016'),
 (656,4,'N',2,25,NULL,13,3,'2/2014'),
 (657,2,'N',1,24,NULL,NULL,17,'2/2016'),
 (658,3,'M',1,25,NULL,78,19,'1/2015'),
 (659,2,'N',2,24,NULL,NULL,17,'2/2016'),
 (660,4,'N',3,25,NULL,13,3,'2/2014'),
 (661,3,'M',2,25,NULL,78,19,'1/2015'),
 (662,5,'M',2,27,NULL,NULL,15,'1/2014'),
 (663,5,'M',3,27,NULL,NULL,15,'1/2014'),
 (664,5,'N',1,23,NULL,14,3,'2/2014'),
 (665,1,'N',1,25,NULL,51,15,'1/2014'),
 (666,4,'M',1,25,NULL,68,19,'1/2015'),
 (667,5,'N',2,23,NULL,14,3,'2/2014'),
 (668,1,'N',2,25,NULL,51,15,'1/2014'),
 (669,5,'N',3,23,NULL,14,3,'2/2014'),
 (670,3,'N',1,1,71,125,17,'2/2016'),
 (671,2,'N',1,25,NULL,43,15,'1/2014'),
 (672,3,'N',2,1,71,125,17,'2/2016'),
 (673,2,'N',2,25,NULL,43,15,'1/2014'),
 (674,4,'N',1,20,104,55,17,'2/2016'),
 (675,4,'N',2,20,104,55,17,'2/2016'),
 (676,5,'N',2,1,152,54,17,'2/2016'),
 (677,6,'M',1,25,NULL,127,3,'2/2014'),
 (678,6,'M',2,25,NULL,127,3,'2/2014'),
 (679,3,'N',1,25,NULL,65,15,'1/2014'),
 (680,3,'N',2,25,NULL,65,15,'1/2014'),
 (681,4,'M',2,25,NULL,68,19,'1/2015'),
 (682,6,'M',3,25,NULL,127,3,'2/2014'),
 (683,1,'N',1,25,17,80,18,'2/2016'),
 (684,1,'N',2,25,17,80,18,'2/2016'),
 (685,4,'N',1,25,NULL,NULL,15,'1/2014'),
 (686,4,'N',2,25,NULL,NULL,15,'1/2014'),
 (687,2,'N',1,16,48,59,18,'2/2016'),
 (688,2,'N',2,16,48,59,18,'2/2016'),
 (689,5,'N',1,25,NULL,29,15,'1/2014'),
 (690,1,'N',1,5,NULL,NULL,1,'2/2014'),
 (691,5,'M',1,25,NULL,58,19,'1/2015'),
 (692,5,'N',2,25,NULL,29,15,'1/2014'),
 (693,1,'N',2,5,NULL,NULL,1,'2/2014'),
 (694,1,'N',3,5,NULL,NULL,1,'2/2014'),
 (695,5,'M',2,25,NULL,58,19,'1/2015'),
 (696,6,'M',1,28,NULL,NULL,15,'1/2014'),
 (697,3,'N',1,16,72,59,18,'2/2016'),
 (698,2,'N',1,5,NULL,NULL,1,'2/2014'),
 (699,6,'M',2,28,NULL,NULL,15,'1/2014'),
 (700,3,'N',2,16,72,59,18,'2/2016'),
 (701,6,'M',3,28,NULL,103,15,'1/2014'),
 (702,2,'N',2,5,NULL,NULL,1,'2/2014'),
 (703,4,'N',1,16,98,25,18,'2/2016'),
 (704,2,'N',3,5,NULL,NULL,1,'2/2014'),
 (705,4,'N',2,16,38,129,18,'2/2016'),
 (707,3,'N',1,5,NULL,NULL,1,'2/2014'),
 (709,3,'N',2,5,NULL,NULL,1,'2/2014'),
 (710,3,'N',3,5,NULL,NULL,1,'2/2014'),
 (712,4,'N',1,5,NULL,NULL,1,'2/2014'),
 (714,4,'N',2,5,NULL,NULL,1,'2/2014'),
 (716,4,'N',3,5,NULL,NULL,1,'2/2014'),
 (717,5,'N',1,5,NULL,NULL,1,'2/2014'),
 (718,5,'N',2,5,NULL,NULL,1,'2/2014'),
 (719,1,'M',1,25,NULL,99,17,'1/2014'),
 (720,5,'N',3,5,NULL,NULL,1,'2/2014'),
 (721,6,'M',1,5,NULL,NULL,1,'2/2014'),
 (722,6,'M',2,5,NULL,NULL,1,'2/2014'),
 (723,6,'M',3,5,NULL,NULL,1,'2/2014'),
 (724,4,'M',2,20,NULL,99,17,'1/2014'),
 (725,1,'N',1,13,NULL,NULL,22,'2/2015'),
 (727,1,'M',1,1,NULL,35,22,'2/2015'),
 (728,1,'N',1,25,NULL,NULL,17,'1/2014'),
 (729,5,'N',1,25,100,61,18,'2/2016'),
 (730,1,'N',2,25,NULL,NULL,17,'1/2014'),
 (731,1,'M',2,1,NULL,35,22,'2/2015'),
 (732,5,'N',2,25,100,61,18,'2/2016'),
 (733,2,'N',1,13,NULL,34,17,'1/2014'),
 (734,2,'N',2,13,NULL,34,17,'1/2014'),
 (735,2,'N',1,25,NULL,65,22,'2/2015'),
 (736,3,'N',1,23,NULL,19,17,'1/2014'),
 (737,1,'N',1,5,NULL,NULL,2,'2/2014'),
 (738,2,'N',2,25,NULL,65,22,'2/2015'),
 (739,1,'N',2,5,NULL,NULL,2,'2/2014'),
 (740,1,'N',1,16,18,59,19,'2/2016'),
 (741,3,'N',2,23,NULL,19,17,'1/2014'),
 (742,1,'N',3,5,NULL,NULL,2,'2/2014'),
 (743,1,'N',2,16,18,59,19,'2/2016'),
 (744,2,'N',1,5,NULL,NULL,2,'2/2014'),
 (745,2,'N',2,5,NULL,NULL,2,'2/2014'),
 (746,4,'N',1,20,NULL,97,17,'1/2014'),
 (747,2,'N',3,5,NULL,NULL,2,'2/2014'),
 (748,2,'N',1,13,47,66,19,'2/2016'),
 (749,4,'N',2,20,NULL,97,17,'1/2014'),
 (750,3,'N',1,5,NULL,NULL,2,'2/2014'),
 (751,2,'M',1,25,NULL,52,21,'1/2015'),
 (752,3,'N',2,5,NULL,NULL,2,'2/2014'),
 (753,2,'N',2,13,47,66,19,'2/2016'),
 (754,3,'N',3,5,NULL,NULL,2,'2/2014'),
 (755,5,'N',1,1,NULL,126,17,'1/2014'),
 (756,3,'N',1,1,NULL,36,22,'2/2015'),
 (757,4,'N',1,5,NULL,NULL,2,'2/2014'),
 (758,5,'N',2,1,NULL,126,17,'1/2014'),
 (759,4,'N',2,5,NULL,NULL,2,'2/2014'),
 (760,3,'N',2,1,NULL,36,22,'2/2015'),
 (761,4,'N',3,5,NULL,NULL,2,'2/2014'),
 (762,6,'M',1,20,NULL,99,17,'1/2014'),
 (763,3,'N',1,16,73,65,19,'2/2016'),
 (764,6,'M',2,20,NULL,99,17,'1/2014'),
 (765,3,'N',2,16,73,65,19,'2/2016'),
 (766,4,'M',2,1,NULL,37,22,'2/2015'),
 (767,4,'N',1,13,96,64,19,'2/2016'),
 (768,1,'M',1,1,NULL,126,18,'1/2014'),
 (769,4,'N',2,13,97,63,19,'2/2016'),
 (770,2,'M',1,25,NULL,NULL,18,'1/2014'),
 (771,2,'M',2,25,NULL,NULL,18,'1/2014'),
 (772,5,'N',1,5,NULL,NULL,2,'2/2014'),
 (773,5,'M',1,25,NULL,43,18,'1/2014'),
 (774,2,'M',2,25,NULL,52,21,'1/2015'),
 (775,5,'N',2,5,NULL,NULL,2,'2/2014'),
 (776,5,'N',3,5,NULL,NULL,2,'2/2014'),
 (777,5,'M',2,25,NULL,43,18,'1/2014'),
 (778,5,'N',1,16,101,62,19,'2/2016'),
 (779,6,'M',1,1,NULL,36,2,'2/2014'),
 (780,6,'M',2,1,NULL,36,2,'2/2014'),
 (781,6,'M',3,1,NULL,36,2,'2/2014'),
 (782,1,'N',1,25,NULL,78,18,'1/2014'),
 (783,5,'N',2,16,101,62,19,'2/2016'),
 (784,1,'N',2,25,NULL,78,18,'1/2014'),
 (785,1,'M',1,1,NULL,35,22,'1/2015'),
 (786,2,'N',1,16,NULL,59,18,'1/2014'),
 (787,2,'N',2,16,NULL,59,18,'1/2014'),
 (788,2,'N',1,25,46,67,20,'2/2016'),
 (789,3,'N',1,16,NULL,59,18,'1/2014'),
 (790,2,'M',1,25,NULL,58,22,'1/2015'),
 (791,2,'N',2,25,46,67,20,'2/2016'),
 (792,3,'N',2,16,NULL,59,18,'1/2014'),
 (793,2,'M',2,25,NULL,58,22,'1/2015'),
 (794,4,'N',1,16,NULL,32,18,'1/2014'),
 (795,4,'M',3,1,NULL,37,22,'2/2015'),
 (796,3,'M',1,25,NULL,58,22,'1/2015'),
 (797,3,'M',2,25,NULL,58,22,'1/2015'),
 (798,4,'N',2,16,NULL,32,18,'1/2014'),
 (799,5,'M',1,25,NULL,71,22,'2/2015'),
 (800,5,'M',2,25,NULL,71,22,'2/2015'),
 (801,4,'M',2,1,NULL,37,22,'1/2015'),
 (802,5,'N',1,25,NULL,101,18,'1/2014'),
 (803,4,'M',3,1,NULL,37,22,'1/2015'),
 (804,5,'N',2,25,NULL,101,18,'1/2014'),
 (805,6,'M',1,25,NULL,NULL,18,'1/2014'),
 (806,4,'N',1,1,NULL,NULL,22,'2/2015'),
 (807,5,'M',3,23,NULL,14,22,'1/2015'),
 (808,6,'M',2,25,NULL,NULL,18,'1/2014'),
 (809,3,'N',1,25,46,68,20,'2/2016'),
 (810,3,'N',2,25,46,68,20,'2/2016'),
 (811,4,'N',2,1,NULL,NULL,22,'2/2015'),
 (812,1,'M',1,13,NULL,66,19,'1/2014'),
 (813,4,'N',1,25,46,67,20,'2/2016'),
 (814,1,'N',1,13,NULL,31,19,'1/2014'),
 (815,5,'N',1,13,NULL,66,22,'2/2015'),
 (816,4,'N',2,25,46,67,20,'2/2016'),
 (817,4,'M',2,1,NULL,36,23,'1/2015'),
 (818,5,'N',2,13,NULL,66,22,'2/2015'),
 (819,1,'N',2,13,NULL,31,19,'1/2014'),
 (820,5,'N',1,25,46,69,20,'2/2016'),
 (821,5,'N',2,25,46,69,20,'2/2016'),
 (822,5,'M',1,1,NULL,39,23,'1/2015'),
 (823,6,'M',1,1,NULL,35,22,'2/2015'),
 (824,2,'M',1,25,NULL,71,19,'1/2014'),
 (825,6,'M',2,1,NULL,35,22,'2/2015'),
 (826,5,'M',2,1,NULL,39,23,'1/2015'),
 (827,2,'M',2,25,NULL,71,19,'1/2014'),
 (828,2,'N',1,25,NULL,71,19,'1/2014'),
 (829,2,'N',2,25,NULL,71,19,'1/2014'),
 (830,1,'N',1,25,46,69,21,'2/2016'),
 (831,1,'N',2,25,46,69,21,'2/2016'),
 (832,3,'M',1,25,NULL,71,19,'1/2014'),
 (833,3,'M',2,25,NULL,71,19,'1/2014'),
 (834,2,'N',1,25,46,69,21,'2/2016'),
 (835,5,'M',1,20,NULL,18,25,'1/2015'),
 (836,3,'N',1,13,NULL,82,19,'1/2014'),
 (837,2,'N',2,25,46,69,21,'2/2016'),
 (838,3,'N',2,13,NULL,65,19,'1/2014'),
 (839,5,'M',2,20,NULL,18,25,'1/2015'),
 (840,3,'N',1,25,46,69,21,'2/2016'),
 (841,4,'M',1,25,NULL,58,19,'1/2014'),
 (842,4,'M',2,25,NULL,58,19,'1/2014'),
 (843,3,'N',2,25,46,69,21,'2/2016'),
 (844,4,'N',1,13,NULL,31,19,'1/2014'),
 (845,4,'M',2,1,NULL,36,23,'2/2015'),
 (846,4,'N',2,13,NULL,31,19,'1/2014'),
 (847,3,'M',1,23,NULL,19,28,'1/2015'),
 (848,5,'M',1,25,NULL,67,19,'1/2014'),
 (849,4,'N',1,25,46,69,21,'2/2016'),
 (850,5,'M',1,1,NULL,39,23,'2/2015'),
 (851,3,'M',2,9,NULL,93,28,'1/2015'),
 (852,5,'M',2,25,NULL,67,19,'1/2014'),
 (853,4,'N',2,25,46,69,21,'2/2016'),
 (854,3,'M',3,9,NULL,93,28,'1/2015'),
 (855,5,'N',1,25,NULL,71,19,'1/2014'),
 (856,1,'N',1,1,NULL,39,23,'2/2015'),
 (857,5,'N',2,25,NULL,71,19,'1/2014'),
 (858,1,'N',2,1,NULL,39,23,'2/2015'),
 (859,5,'N',1,17,102,43,21,'2/2016'),
 (860,2,'N',1,1,NULL,39,23,'2/2015'),
 (861,2,'N',2,1,NULL,39,23,'2/2015'),
 (862,5,'N',2,17,103,43,21,'2/2016'),
 (863,6,'M',1,1,NULL,52,19,'1/2014'),
 (864,3,'N',1,1,NULL,39,23,'2/2015'),
 (865,6,'M',2,1,NULL,52,19,'1/2014'),
 (866,3,'N',2,1,NULL,39,23,'2/2015'),
 (867,1,'N',1,13,20,31,22,'2/2016'),
 (868,6,'T',1,27,NULL,NULL,19,'1/2014'),
 (869,4,'N',1,1,NULL,35,23,'2/2015'),
 (870,4,'N',2,1,NULL,35,23,'2/2015'),
 (871,1,'M',3,20,NULL,82,30,'1/2015'),
 (872,6,'T',2,27,NULL,NULL,19,'1/2014'),
 (873,5,'N',2,17,NULL,43,23,'2/2015'),
 (874,2,'N',1,25,45,71,22,'2/2016'),
 (875,2,'M',1,20,NULL,84,30,'1/2015'),
 (876,2,'N',2,25,45,71,22,'2/2016'),
 (877,6,'M',1,28,NULL,NULL,23,'2/2015'),
 (878,6,'M',2,28,NULL,NULL,23,'2/2015'),
 (879,6,'M',3,28,NULL,NULL,23,'2/2015'),
 (880,3,'N',2,1,162,36,22,'2/2016'),
 (881,1,'M',1,25,NULL,68,20,'1/2014'),
 (882,4,'M',2,20,NULL,99,30,'1/2015'),
 (883,1,'N',1,25,NULL,67,20,'1/2014'),
 (884,4,'N',1,25,95,58,22,'2/2016'),
 (885,4,'N',2,25,95,58,22,'2/2016'),
 (886,1,'N',2,25,NULL,67,20,'1/2014'),
 (887,5,'N',1,13,47,66,22,'2/2016'),
 (888,5,'N',2,13,47,66,22,'2/2016'),
 (889,2,'M',1,25,NULL,126,20,'1/2014'),
 (890,5,'M',1,25,NULL,8,4,'1/2015'),
 (891,2,'M',2,25,NULL,126,20,'1/2014'),
 (892,5,'M',2,25,NULL,8,4,'1/2015'),
 (893,1,'N',1,1,21,39,23,'2/2016'),
 (894,2,'N',1,25,NULL,67,20,'1/2014'),
 (895,2,'N',2,25,NULL,67,20,'1/2014'),
 (896,1,'N',2,1,21,39,23,'2/2016'),
 (897,3,'M',1,25,NULL,58,20,'1/2014'),
 (898,2,'N',1,1,160,39,23,'2/2016'),
 (899,3,'M',2,25,NULL,58,20,'1/2014'),
 (900,3,'N',1,1,160,39,23,'2/2016'),
 (901,3,'N',1,25,NULL,11,20,'1/2014'),
 (902,3,'N',2,1,160,39,23,'2/2016'),
 (903,3,'N',2,25,NULL,11,20,'1/2014'),
 (904,4,'N',1,1,8,35,23,'2/2016'),
 (905,4,'M',1,25,NULL,43,20,'1/2014'),
 (906,4,'N',2,1,8,35,23,'2/2016'),
 (907,4,'M',2,25,NULL,43,20,'1/2014'),
 (908,5,'N',1,1,110,39,23,'2/2016'),
 (909,4,'N',1,25,NULL,67,20,'1/2014'),
 (910,5,'N',2,1,110,39,23,'2/2016'),
 (911,4,'N',2,25,NULL,67,20,'1/2014'),
 (912,5,'M',1,25,NULL,58,20,'1/2014'),
 (913,1,'N',1,25,22,80,24,'2/2016'),
 (914,5,'M',2,25,NULL,58,20,'1/2014'),
 (915,1,'N',2,25,22,80,24,'2/2016'),
 (916,5,'N',1,25,NULL,11,20,'1/2014'),
 (917,2,'N',1,25,178,76,24,'2/2016'),
 (918,5,'N',2,25,NULL,11,20,'1/2014'),
 (919,2,'N',2,25,178,79,24,'2/2016'),
 (920,6,'M',1,25,NULL,58,20,'1/2014'),
 (921,3,'N',1,25,76,78,24,'2/2016'),
 (922,6,'M',2,25,NULL,58,20,'1/2014'),
 (923,4,'M',2,23,NULL,28,34,'1/2015'),
 (924,6,'T',1,28,NULL,NULL,20,'1/2014'),
 (925,3,'N',2,25,76,78,24,'2/2016'),
 (926,6,'T',2,28,NULL,NULL,20,'1/2014'),
 (927,4,'M',3,23,NULL,28,34,'1/2015'),
 (928,4,'N',1,25,178,76,24,'2/2016'),
 (929,4,'N',2,25,178,77,24,'2/2016'),
 (930,5,'N',1,25,134,75,24,'2/2016'),
 (931,2,'M',2,23,NULL,89,5,'1/2015'),
 (932,5,'N',2,25,134,75,24,'2/2016'),
 (933,1,'N',1,20,23,81,25,'2/2016'),
 (934,1,'N',2,20,23,81,25,'2/2016'),
 (935,1,'M',1,25,NULL,NULL,21,'1/2014'),
 (936,2,'M',3,23,NULL,20,5,'1/2015'),
 (937,2,'N',1,20,42,83,25,'2/2016'),
 (938,1,'N',1,25,NULL,11,21,'1/2014'),
 (939,1,'N',2,25,NULL,11,21,'1/2014'),
 (940,2,'N',2,20,42,86,25,'2/2016'),
 (941,2,'M',1,25,NULL,58,21,'1/2014'),
 (942,2,'M',2,25,NULL,58,21,'1/2014'),
 (943,3,'N',1,20,77,87,25,'2/2016'),
 (944,3,'N',2,20,78,87,25,'2/2016'),
 (945,2,'N',1,25,NULL,11,21,'1/2014'),
 (946,2,'N',2,25,NULL,11,21,'1/2014'),
 (947,3,'M',1,27,NULL,NULL,21,'1/2014'),
 (948,5,'N',1,20,135,55,25,'2/2016'),
 (949,3,'M',2,27,NULL,NULL,21,'1/2014'),
 (950,3,'N',1,25,NULL,75,21,'1/2014'),
 (951,5,'N',2,20,135,55,25,'2/2016'),
 (952,3,'M',2,23,NULL,130,5,'1/2015'),
 (953,3,'N',2,25,NULL,75,21,'1/2014'),
 (954,4,'N',1,25,NULL,11,21,'1/2014'),
 (955,1,'N',2,30,24,92,26,'2/2016'),
 (956,4,'M',2,23,NULL,23,5,'1/2015'),
 (957,4,'N',2,25,NULL,11,21,'1/2014'),
 (958,2,'N',1,9,41,22,26,'2/2016'),
 (959,5,'M',1,25,NULL,126,21,'1/2014'),
 (960,4,'M',3,23,NULL,23,5,'1/2015'),
 (961,2,'N',2,9,41,22,26,'2/2016'),
 (962,5,'M',2,25,NULL,126,21,'1/2014'),
 (963,5,'N',1,25,NULL,75,21,'1/2014'),
 (964,5,'N',2,25,NULL,75,21,'1/2014'),
 (965,3,'N',1,9,79,90,26,'2/2016'),
 (966,1,'N',1,25,NULL,80,4,'2/2014'),
 (967,6,'M',1,25,NULL,11,21,'1/2014'),
 (968,1,'N',2,25,NULL,80,4,'2/2014'),
 (969,3,'N',2,9,79,90,26,'2/2016'),
 (970,6,'M',2,25,NULL,11,21,'1/2014'),
 (971,1,'N',3,25,NULL,80,4,'2/2014'),
 (972,4,'N',1,9,91,89,26,'2/2016'),
 (973,4,'N',2,9,91,89,26,'2/2016'),
 (975,5,'N',1,9,136,89,26,'2/2016'),
 (976,5,'N',2,9,136,89,26,'2/2016'),
 (977,2,'N',1,25,NULL,132,4,'2/2014'),
 (978,1,'N',1,22,NULL,NULL,22,'1/2014'),
 (979,5,'M',1,23,NULL,131,5,'1/2015'),
 (980,2,'N',2,25,NULL,132,4,'2/2014'),
 (981,5,'M',2,23,NULL,131,5,'1/2015'),
 (982,2,'N',3,25,NULL,132,4,'2/2014'),
 (983,3,'N',1,25,NULL,78,4,'2/2014'),
 (986,5,'M',3,23,NULL,133,5,'1/2015'),
 (987,2,'N',1,25,NULL,12,22,'1/2014'),
 (988,3,'N',2,25,NULL,78,4,'2/2014'),
 (989,2,'N',2,25,NULL,12,22,'1/2014'),
 (990,3,'N',3,25,NULL,78,4,'2/2014'),
 (991,1,'N',1,9,25,83,27,'2/2016'),
 (992,1,'N',2,9,25,83,27,'2/2016'),
 (993,3,'N',1,1,NULL,126,22,'1/2014'),
 (994,3,'N',2,1,NULL,126,22,'1/2014'),
 (995,4,'M',1,1,NULL,37,22,'1/2014'),
 (996,4,'M',2,1,NULL,37,22,'1/2014'),
 (997,4,'N',1,1,NULL,36,22,'1/2014'),
 (998,4,'N',2,1,NULL,36,22,'1/2014'),
 (999,5,'M',3,23,NULL,14,22,'1/2014'),
 (1000,2,'N',2,9,40,94,27,'2/2016'),
 (1001,5,'N',1,22,NULL,42,22,'1/2014'),
 (1002,5,'N',2,22,NULL,66,22,'1/2014'),
 (1003,5,'N',3,22,NULL,66,22,'1/2014'),
 (1004,6,'M',1,1,NULL,35,22,'1/2014'),
 (1005,3,'N',1,9,80,95,27,'2/2016'),
 (1006,6,'M',2,1,NULL,35,22,'1/2014'),
 (1007,3,'N',2,9,80,95,27,'2/2016'),
 (1008,1,'M',1,1,NULL,35,23,'1/2014'),
 (1009,4,'N',1,9,90,96,27,'2/2016'),
 (1010,1,'N',1,1,NULL,39,23,'1/2014'),
 (1011,4,'N',2,9,90,96,27,'2/2016'),
 (1012,1,'N',2,1,NULL,39,23,'1/2014'),
 (1013,2,'M',1,1,NULL,35,23,'1/2014'),
 (1014,5,'N',1,9,137,97,27,'2/2016'),
 (1015,2,'M',2,1,NULL,35,23,'1/2014'),
 (1016,5,'N',2,9,137,97,27,'2/2016'),
 (1017,2,'N',1,1,NULL,39,23,'1/2014'),
 (1018,2,'N',2,1,NULL,39,23,'1/2014'),
 (1019,3,'N',1,1,NULL,56,23,'1/2014'),
 (1020,3,'N',2,1,NULL,56,23,'1/2014'),
 (1021,1,'N',1,9,27,97,28,'2/2016'),
 (1022,1,'N',2,9,27,97,28,'2/2016'),
 (1023,4,'M',2,1,NULL,36,23,'1/2014'),
 (1024,4,'M',3,1,NULL,36,23,'1/2014'),
 (1025,4,'N',1,1,NULL,35,23,'1/2014'),
 (1026,6,'M',1,25,NULL,111,6,'1/2015'),
 (1027,4,'N',2,1,NULL,35,23,'1/2014'),
 (1028,5,'M',1,1,NULL,39,23,'1/2014'),
 (1029,5,'M',2,1,NULL,39,23,'1/2014'),
 (1030,5,'N',1,22,NULL,31,23,'1/2014'),
 (1031,5,'N',2,22,NULL,31,23,'1/2014'),
 (1032,6,'M',1,28,NULL,NULL,23,'1/2014'),
 (1033,4,'N',1,25,NULL,16,4,'2/2014'),
 (1034,6,'M',2,25,NULL,111,6,'1/2015'),
 (1035,4,'N',2,25,NULL,16,4,'2/2014'),
 (1036,6,'T',1,28,NULL,NULL,23,'1/2014'),
 (1037,4,'N',3,25,NULL,16,4,'2/2014'),
 (1038,6,'M',2,28,NULL,NULL,23,'1/2014'),
 (1039,5,'N',1,25,NULL,120,4,'2/2014'),
 (1040,6,'T',2,28,NULL,NULL,23,'1/2014'),
 (1041,5,'N',2,25,NULL,120,4,'2/2014'),
 (1042,5,'N',3,25,NULL,120,4,'2/2014'),
 (1043,6,'M',1,25,NULL,15,4,'2/2014'),
 (1044,6,'M',1,28,NULL,NULL,8,'1/2015'),
 (1045,6,'M',2,25,NULL,15,4,'2/2014'),
 (1046,1,'N',1,25,NULL,NULL,24,'1/2014'),
 (1047,2,'N',1,9,39,134,28,'2/2016'),
 (1048,6,'M',3,25,NULL,15,4,'2/2014'),
 (1049,1,'N',2,25,NULL,NULL,24,'1/2014'),
 (1050,6,'M',2,28,NULL,NULL,8,'1/2015'),
 (1051,2,'N',1,25,NULL,NULL,24,'1/2014'),
 (1052,6,'M',3,28,NULL,NULL,8,'1/2015'),
 (1053,2,'N',2,25,NULL,NULL,24,'1/2014'),
 (1054,3,'N',1,25,NULL,NULL,24,'1/2014'),
 (1055,6,'T',1,28,NULL,NULL,8,'1/2015'),
 (1056,6,'T',2,28,NULL,NULL,8,'1/2015'),
 (1057,3,'N',2,25,NULL,NULL,24,'1/2014'),
 (1058,2,'N',2,9,39,134,28,'2/2016'),
 (1059,6,'T',3,28,NULL,NULL,8,'1/2015'),
 (1060,4,'N',1,25,NULL,NULL,24,'1/2014'),
 (1061,3,'N',1,9,81,99,28,'2/2016'),
 (1062,4,'N',2,25,NULL,NULL,24,'1/2014'),
 (1063,6,'M',1,25,NULL,76,24,'1/2014'),
 (1064,3,'N',2,9,81,99,28,'2/2016'),
 (1065,6,'M',2,25,NULL,76,24,'1/2014'),
 (1066,4,'N',1,9,81,99,28,'2/2016'),
 (1067,4,'M',2,23,NULL,28,34,'2/2014'),
 (1068,4,'N',2,9,81,99,28,'2/2016'),
 (1069,4,'M',3,23,NULL,28,34,'2/2014'),
 (1070,1,'N',1,20,NULL,117,25,'1/2014'),
 (1071,6,'M',1,25,NULL,29,9,'1/2015'),
 (1072,6,'M',2,25,NULL,29,9,'1/2015'),
 (1073,1,'N',2,20,NULL,NULL,25,'1/2014'),
 (1074,2,'N',1,20,NULL,NULL,25,'1/2014'),
 (1075,5,'N',1,9,138,95,28,'2/2016'),
 (1076,2,'N',2,20,NULL,87,25,'1/2014'),
 (1077,5,'N',2,9,138,95,28,'2/2016'),
 (1078,3,'N',1,20,NULL,83,25,'1/2014'),
 (1079,1,'N',1,13,28,103,29,'2/2016'),
 (1080,1,'N',2,13,29,102,29,'2/2016'),
 (1081,3,'N',2,20,NULL,83,25,'1/2014'),
 (1082,4,'N',1,20,NULL,55,25,'1/2014'),
 (1083,2,'N',1,13,38,101,29,'2/2016'),
 (1084,5,'M',1,20,NULL,18,25,'1/2014'),
 (1085,3,'N',1,23,NULL,131,34,'2/2014'),
 (1086,2,'N',2,13,38,101,29,'2/2016'),
 (1087,5,'N',1,20,NULL,117,25,'1/2014'),
 (1088,3,'N',1,13,82,100,29,'2/2016'),
 (1089,3,'N',2,23,NULL,131,34,'2/2014'),
 (1090,5,'N',2,20,NULL,NULL,25,'1/2014'),
 (1091,3,'N',2,13,82,100,29,'2/2016'),
 (1092,3,'N',3,23,NULL,131,34,'2/2014'),
 (1093,6,'M',1,20,NULL,18,25,'1/2014'),
 (1094,6,'M',1,25,NULL,113,10,'1/2015'),
 (1095,6,'M',2,20,NULL,88,25,'1/2014'),
 (1096,6,'M',2,25,NULL,113,10,'1/2015'),
 (1097,4,'N',1,13,89,98,29,'2/2016'),
 (1098,6,'M',1,1,NULL,37,11,'1/2015'),
 (1099,4,'N',2,13,89,98,29,'2/2016'),
 (1100,3,'M',3,9,NULL,93,26,'1/2014'),
 (1101,6,'M',2,1,NULL,37,11,'1/2015'),
 (1102,4,'N',1,23,NULL,135,34,'2/2014'),
 (1103,4,'N',2,23,NULL,135,34,'2/2014'),
 (1104,5,'N',1,13,139,129,29,'2/2016'),
 (1105,4,'N',3,23,NULL,135,34,'2/2014'),
 (1106,5,'N',2,13,139,129,29,'2/2016'),
 (1107,4,'M',1,24,NULL,89,26,'1/2014'),
 (1108,6,'M',1,25,NULL,40,12,'1/2015'),
 (1109,5,'N',1,23,NULL,131,34,'2/2014'),
 (1110,4,'M',2,24,NULL,89,26,'1/2014'),
 (1111,6,'M',2,25,NULL,40,12,'1/2015'),
 (1112,5,'N',2,23,NULL,131,34,'2/2014'),
 (1113,5,'N',1,20,92,81,30,'2/2016'),
 (1114,4,'N',1,9,NULL,89,26,'1/2014'),
 (1115,5,'N',3,23,NULL,131,34,'2/2014'),
 (1116,4,'N',2,9,NULL,89,26,'1/2014'),
 (1117,5,'N',2,20,92,81,30,'2/2016'),
 (1118,5,'M',2,24,NULL,21,26,'1/2014'),
 (1119,5,'M',3,24,NULL,22,26,'1/2014'),
 (1120,1,'N',1,25,31,NULL,31,'2/2016'),
 (1121,5,'N',1,9,NULL,28,26,'1/2014'),
 (1122,2,'M',2,23,NULL,89,5,'2/2014'),
 (1123,6,'M',2,27,NULL,NULL,13,'1/2015'),
 (1124,1,'N',2,25,31,NULL,31,'2/2016'),
 (1125,2,'M',3,23,NULL,20,5,'2/2014'),
 (1126,6,'M',3,27,NULL,NULL,13,'1/2015'),
 (1127,6,'T',1,27,NULL,NULL,13,'1/2015'),
 (1128,3,'M',2,23,NULL,130,5,'2/2014'),
 (1129,6,'M',2,9,NULL,89,26,'1/2014'),
 (1130,2,'N',1,25,36,56,31,'2/2016'),
 (1131,6,'T',1,9,NULL,89,26,'1/2014'),
 (1132,2,'N',2,25,36,56,31,'2/2016'),
 (1133,3,'N',1,25,84,107,31,'2/2016'),
 (1134,3,'N',2,25,84,107,31,'2/2016'),
 (1135,1,'N',1,9,NULL,NULL,27,'1/2014'),
 (1136,4,'N',1,25,87,106,31,'2/2016'),
 (1137,1,'N',2,9,NULL,NULL,27,'1/2014'),
 (1138,4,'N',2,25,87,106,31,'2/2016'),
 (1139,5,'N',1,25,31,NULL,31,'2/2016'),
 (1140,2,'N',1,9,NULL,94,27,'1/2014'),
 (1141,4,'M',2,23,NULL,23,5,'2/2014'),
 (1142,5,'N',2,25,31,NULL,31,'2/2016'),
 (1143,2,'N',2,9,NULL,94,27,'1/2014'),
 (1144,4,'M',3,23,NULL,23,5,'2/2014'),
 (1145,3,'N',1,9,NULL,93,27,'1/2014'),
 (1146,3,'N',2,9,NULL,96,27,'1/2014'),
 (1147,1,'N',1,25,32,108,32,'2/2016'),
 (1148,5,'M',2,23,NULL,131,5,'2/2014'),
 (1149,1,'N',2,25,32,108,32,'2/2016'),
 (1150,5,'M',3,23,NULL,131,5,'2/2014'),
 (1151,2,'N',1,25,35,52,32,'2/2016'),
 (1152,4,'N',1,22,NULL,NULL,27,'1/2014'),
 (1153,2,'N',2,25,35,52,32,'2/2016'),
 (1154,5,'N',1,9,NULL,89,27,'1/2014'),
 (1155,6,'M',1,28,NULL,NULL,15,'1/2015'),
 (1156,3,'N',1,25,85,35,32,'2/2016'),
 (1157,1,'N',1,23,NULL,23,5,'2/2014'),
 (1158,6,'M',2,28,NULL,NULL,15,'1/2015'),
 (1159,6,'M',2,9,NULL,97,27,'1/2014'),
 (1160,3,'N',2,25,85,35,32,'2/2016'),
 (1161,6,'T',1,9,NULL,97,27,'1/2014'),
 (1162,4,'N',1,25,86,35,32,'2/2016'),
 (1163,4,'N',2,25,86,35,32,'2/2016'),
 (1164,1,'M',1,9,NULL,97,28,'1/2014'),
 (1165,5,'N',1,25,141,99,32,'2/2016'),
 (1166,1,'M',2,9,NULL,22,28,'1/2014'),
 (1167,5,'N',2,25,141,99,32,'2/2016'),
 (1168,1,'N',1,9,NULL,97,28,'1/2014'),
 (1169,1,'N',2,9,NULL,97,28,'1/2014'),
 (1170,1,'N',3,9,NULL,97,28,'1/2014'),
 (1171,1,'N',1,25,33,109,33,'2/2016'),
 (1172,1,'N',2,25,33,4,33,'2/2016'),
 (1173,2,'M',2,9,NULL,96,28,'1/2014'),
 (1174,2,'M',3,9,NULL,96,28,'1/2014'),
 (1175,2,'N',1,25,34,110,33,'2/2016'),
 (1176,2,'N',1,9,NULL,22,28,'1/2014'),
 (1177,2,'N',2,25,34,109,33,'2/2016'),
 (1178,2,'N',2,9,NULL,22,28,'1/2014'),
 (1179,3,'N',1,25,31,NULL,33,'2/2016'),
 (1180,2,'N',3,9,NULL,22,28,'1/2014'),
 (1181,3,'N',2,25,31,NULL,33,'2/2016'),
 (1182,4,'N',1,25,31,NULL,33,'2/2016'),
 (1183,3,'M',1,23,NULL,19,28,'1/2014'),
 (1184,4,'N',2,25,31,NULL,33,'2/2016'),
 (1185,3,'M',2,9,NULL,NULL,28,'1/2014'),
 (1186,5,'N',1,25,NULL,12,33,'2/2016'),
 (1187,5,'N',2,25,NULL,12,33,'2/2016'),
 (1188,4,'N',1,9,NULL,99,28,'1/2014'),
 (1189,4,'N',2,9,NULL,99,28,'1/2014'),
 (1190,6,'M',3,28,NULL,NULL,15,'1/2015'),
 (1191,5,'M',2,24,NULL,21,28,'1/2014'),
 (1192,5,'M',3,24,NULL,22,28,'1/2014'),
 (1193,6,'T',1,28,NULL,NULL,15,'1/2015'),
 (1194,6,'M',2,9,NULL,96,28,'1/2014'),
 (1195,6,'T',2,28,NULL,NULL,15,'1/2015'),
 (1196,6,'M',3,9,NULL,95,28,'1/2014'),
 (1197,6,'T',3,28,NULL,NULL,15,'1/2015'),
 (1198,1,'N',2,23,NULL,23,5,'2/2014'),
 (1199,1,'N',3,23,NULL,23,5,'2/2014'),
 (1200,2,'N',1,23,NULL,20,5,'2/2014'),
 (1201,2,'N',2,23,NULL,20,5,'2/2014'),
 (1202,2,'N',3,23,NULL,20,5,'2/2014'),
 (1203,1,'N',1,22,NULL,NULL,29,'1/2014'),
 (1204,1,'N',2,22,NULL,65,29,'1/2014'),
 (1205,2,'N',1,22,NULL,NULL,29,'1/2014'),
 (1206,2,'N',2,22,NULL,NULL,29,'1/2014'),
 (1207,3,'N',1,22,NULL,65,29,'1/2014'),
 (1208,3,'N',2,22,NULL,129,29,'1/2014'),
 (1209,3,'N',1,23,NULL,20,5,'2/2014'),
 (1210,3,'N',2,23,NULL,20,5,'2/2014'),
 (1211,3,'N',3,23,NULL,20,5,'2/2014'),
 (1213,4,'N',1,23,NULL,28,5,'2/2014'),
 (1214,4,'N',2,23,NULL,28,5,'2/2014'),
 (1216,4,'N',3,23,NULL,28,5,'2/2014'),
 (1217,5,'N',1,22,NULL,129,29,'1/2014'),
 (1218,5,'N',2,22,NULL,129,29,'1/2014'),
 (1219,5,'N',1,23,NULL,23,5,'2/2014'),
 (1220,5,'N',2,23,NULL,23,5,'2/2014'),
 (1221,1,'M',3,20,NULL,NULL,30,'1/2014'),
 (1222,1,'N',1,20,NULL,81,30,'1/2014'),
 (1223,5,'N',3,23,NULL,23,5,'2/2014'),
 (1224,1,'N',2,20,NULL,81,30,'1/2014'),
 (1225,2,'M',1,20,NULL,84,30,'1/2014'),
 (1226,2,'N',1,20,NULL,NULL,30,'1/2014'),
 (1227,2,'N',2,20,NULL,NULL,30,'1/2014'),
 (1228,3,'N',1,20,NULL,88,30,'1/2014'),
 (1229,3,'N',2,20,NULL,88,30,'1/2014'),
 (1230,4,'M',1,20,NULL,11,30,'1/2014'),
 (1231,4,'M',2,20,NULL,11,30,'1/2014'),
 (1232,4,'N',1,20,NULL,84,30,'1/2014'),
 (1233,4,'N',2,20,NULL,84,30,'1/2014'),
 (1234,5,'N',1,20,NULL,81,30,'1/2014'),
 (1235,5,'N',2,20,NULL,81,30,'1/2014'),
 (1236,6,'M',1,20,NULL,84,30,'1/2014'),
 (1237,6,'M',2,20,NULL,84,30,'1/2014'),
 (1239,1,'N',1,25,NULL,NULL,32,'1/2014'),
 (1240,1,'N',2,25,NULL,NULL,32,'1/2014'),
 (1241,2,'N',1,25,NULL,52,32,'1/2014'),
 (1242,2,'N',2,25,NULL,52,32,'1/2014'),
 (1243,3,'N',1,25,NULL,107,32,'1/2014'),
 (1244,3,'N',2,25,NULL,107,32,'1/2014'),
 (1245,4,'N',1,25,NULL,NULL,32,'1/2014'),
 (1246,4,'N',2,25,NULL,NULL,32,'1/2014'),
 (1247,5,'N',1,25,NULL,NULL,32,'1/2014'),
 (1248,5,'N',2,25,NULL,NULL,32,'1/2014'),
 (1249,6,'M',1,25,NULL,NULL,32,'1/2014'),
 (1250,6,'M',2,25,NULL,NULL,32,'1/2014'),
 (1252,1,'N',1,25,NULL,NULL,33,'1/2014'),
 (1253,1,'N',2,25,NULL,NULL,33,'1/2014'),
 (1254,2,'N',1,25,NULL,NULL,33,'1/2014'),
 (1255,2,'N',2,25,NULL,NULL,33,'1/2014'),
 (1256,3,'N',1,25,NULL,NULL,33,'1/2014'),
 (1257,3,'N',2,25,NULL,NULL,33,'1/2014'),
 (1258,4,'N',1,25,NULL,NULL,33,'1/2014'),
 (1259,4,'N',2,25,NULL,NULL,33,'1/2014'),
 (1260,5,'N',1,25,NULL,12,33,'1/2014'),
 (1261,6,'M',1,25,NULL,NULL,33,'1/2014'),
 (1262,6,'M',2,25,NULL,NULL,33,'1/2014'),
 (1263,1,'N',1,5,NULL,NULL,1,'1/2014'),
 (1264,1,'N',2,5,NULL,NULL,1,'1/2014'),
 (1265,2,'N',1,5,NULL,NULL,1,'1/2014'),
 (1266,2,'N',2,5,NULL,NULL,1,'1/2014'),
 (1267,3,'N',1,5,NULL,NULL,1,'1/2014'),
 (1268,3,'N',2,5,NULL,NULL,1,'1/2014'),
 (1269,4,'N',1,5,NULL,NULL,1,'1/2014'),
 (1270,4,'N',2,5,NULL,NULL,1,'1/2014'),
 (1271,5,'N',1,5,NULL,NULL,1,'1/2014'),
 (1272,5,'N',2,5,NULL,NULL,1,'1/2014'),
 (1273,1,'N',1,5,NULL,NULL,2,'1/2014'),
 (1274,1,'N',2,5,NULL,NULL,2,'1/2014'),
 (1275,2,'N',1,5,NULL,NULL,2,'1/2014'),
 (1276,2,'N',2,5,NULL,NULL,2,'1/2014'),
 (1277,3,'N',1,5,NULL,NULL,2,'1/2014'),
 (1278,3,'N',2,5,NULL,NULL,2,'1/2014'),
 (1279,4,'N',1,5,NULL,NULL,2,'1/2014'),
 (1280,4,'N',2,5,NULL,NULL,2,'1/2014'),
 (1281,5,'N',1,5,NULL,NULL,2,'1/2014'),
 (1282,5,'N',2,5,NULL,NULL,2,'1/2014'),
 (1283,6,'M',1,1,NULL,36,2,'1/2014'),
 (1284,6,'M',2,1,NULL,36,2,'1/2014'),
 (1285,2,'N',2,30,NULL,92,3,'1/2014'),
 (1286,2,'N',3,30,NULL,92,3,'1/2014'),
 (1287,3,'N',2,25,NULL,127,3,'1/2014'),
 (1288,3,'N',3,25,NULL,127,3,'1/2014'),
 (1289,4,'N',1,25,NULL,13,3,'1/2014'),
 (1290,4,'N',2,25,NULL,13,3,'1/2014'),
 (1291,5,'N',1,23,NULL,14,3,'1/2014'),
 (1292,5,'N',2,23,NULL,14,3,'1/2014'),
 (1293,6,'M',1,25,NULL,127,3,'1/2014'),
 (1294,6,'M',2,25,NULL,127,3,'1/2014'),
 (1295,4,'M',2,23,NULL,28,34,'1/2014'),
 (1296,4,'M',3,23,NULL,28,34,'1/2014'),
 (1297,3,'N',1,23,NULL,131,34,'1/2014'),
 (1298,3,'N',2,23,NULL,131,34,'1/2014'),
 (1299,4,'N',1,23,NULL,135,34,'1/2014'),
 (1300,4,'N',2,23,NULL,136,34,'1/2014'),
 (1301,5,'N',1,23,NULL,131,34,'1/2014'),
 (1302,5,'N',2,23,NULL,131,34,'1/2014'),
 (1303,1,'N',1,23,NULL,23,5,'1/2014'),
 (1304,1,'N',2,23,NULL,NULL,5,'1/2014'),
 (1305,1,'N',3,23,NULL,NULL,5,'1/2014'),
 (1306,2,'M',2,23,NULL,89,5,'1/2014'),
 (1307,2,'M',3,23,NULL,20,5,'1/2014'),
 (1308,2,'N',1,23,NULL,20,5,'1/2014'),
 (1309,2,'N',2,23,NULL,20,5,'1/2014'),
 (1310,3,'M',2,23,NULL,130,5,'1/2014'),
 (1311,3,'N',1,23,NULL,20,5,'1/2014'),
 (1312,3,'N',2,23,NULL,20,5,'1/2014'),
 (1313,4,'M',2,23,NULL,131,5,'1/2014'),
 (1314,4,'M',3,23,NULL,131,5,'1/2014'),
 (1315,4,'N',2,23,NULL,28,5,'1/2014'),
 (1316,4,'N',1,23,NULL,21,5,'1/2014'),
 (1317,5,'N',2,23,NULL,23,5,'1/2014'),
 (1319,5,'N',1,23,NULL,23,5,'1/2014'),
 (1320,5,'M',2,23,NULL,131,5,'1/2014'),
 (1321,5,'M',3,23,NULL,131,5,'1/2014'),
 (1322,6,'M',1,25,NULL,122,16,'1/2015'),
 (1323,6,'M',2,25,NULL,122,16,'1/2015'),
 (1324,1,'N',1,25,NULL,122,16,'1/2015'),
 (1325,1,'N',2,25,NULL,122,16,'1/2015'),
 (1326,2,'N',1,25,NULL,122,16,'1/2015'),
 (1327,2,'N',2,25,NULL,122,16,'1/2015'),
 (1328,3,'N',1,25,NULL,122,16,'1/2015'),
 (1329,3,'N',2,25,NULL,122,16,'1/2015'),
 (1330,4,'N',1,25,NULL,122,16,'1/2015'),
 (1331,4,'N',2,25,NULL,122,16,'1/2015'),
 (1332,5,'N',1,25,NULL,122,16,'1/2015'),
 (1333,5,'N',2,25,NULL,122,16,'1/2015'),
 (1334,1,'N',1,25,NULL,NULL,17,'1/2015'),
 (1335,1,'N',2,25,NULL,NULL,17,'1/2015'),
 (1336,2,'N',1,25,NULL,12,17,'1/2015'),
 (1337,2,'N',2,25,NULL,12,17,'1/2015'),
 (1338,3,'N',1,23,NULL,19,17,'1/2015'),
 (1339,3,'N',2,23,NULL,19,17,'1/2015'),
 (1340,4,'N',1,20,NULL,55,17,'1/2015'),
 (1341,4,'N',2,20,NULL,55,17,'1/2015'),
 (1342,5,'N',1,1,NULL,126,17,'1/2015'),
 (1343,5,'N',2,1,NULL,126,17,'1/2015'),
 (1344,6,'M',1,20,NULL,117,17,'1/2015'),
 (1345,6,'M',2,27,NULL,NULL,17,'1/2015'),
 (1346,6,'M',3,27,NULL,NULL,17,'1/2015'),
 (1347,6,'T',1,27,NULL,NULL,17,'1/2015'),
 (1348,6,'T',2,27,NULL,NULL,17,'1/2015'),
 (1349,1,'N',1,25,NULL,78,18,'1/2015'),
 (1350,1,'N',2,25,NULL,78,18,'1/2015'),
 (1351,2,'N',1,16,NULL,59,18,'1/2015'),
 (1352,2,'N',2,16,NULL,59,18,'1/2015'),
 (1353,3,'N',1,16,NULL,59,18,'1/2015'),
 (1354,3,'N',2,16,NULL,59,18,'1/2015'),
 (1355,4,'N',1,16,NULL,32,18,'1/2015'),
 (1356,4,'N',2,16,NULL,32,18,'1/2015'),
 (1357,5,'N',1,18,NULL,NULL,18,'1/2015'),
 (1358,5,'N',2,18,NULL,NULL,18,'1/2015'),
 (1359,6,'M',1,18,NULL,NULL,18,'1/2015'),
 (1360,6,'M',2,18,NULL,NULL,18,'1/2015'),
 (1361,1,'N',1,13,NULL,34,19,'1/2015'),
 (1362,1,'N',2,13,NULL,34,19,'1/2015'),
 (1363,2,'N',1,13,NULL,NULL,19,'1/2015'),
 (1364,2,'N',2,13,NULL,NULL,19,'1/2015'),
 (1365,3,'N',1,13,NULL,34,19,'1/2015'),
 (1366,3,'N',2,13,NULL,34,19,'1/2015'),
 (1367,4,'N',1,13,NULL,31,19,'1/2015'),
 (1368,4,'N',2,13,NULL,31,19,'1/2015'),
 (1369,5,'N',1,13,NULL,31,19,'1/2015'),
 (1370,5,'N',2,13,NULL,31,19,'1/2015'),
 (1371,6,'M',1,1,NULL,36,19,'1/2015'),
 (1372,6,'M',2,1,NULL,36,19,'1/2015'),
 (1373,1,'N',1,25,NULL,67,20,'1/2015'),
 (1374,1,'N',2,25,NULL,67,20,'1/2015'),
 (1375,2,'N',1,25,NULL,67,20,'1/2015'),
 (1376,2,'N',2,25,NULL,67,20,'1/2015'),
 (1377,3,'N',1,25,NULL,11,20,'1/2015'),
 (1378,3,'N',2,25,NULL,11,20,'1/2015'),
 (1379,4,'N',1,25,NULL,67,20,'1/2015'),
 (1380,4,'N',2,25,NULL,67,20,'1/2015'),
 (1381,5,'N',1,25,NULL,11,20,'1/2015'),
 (1382,5,'N',2,25,NULL,11,20,'1/2015'),
 (1383,6,'M',1,25,NULL,11,20,'1/2015'),
 (1384,6,'M',2,25,NULL,11,20,'1/2015'),
 (1385,1,'N',1,25,NULL,11,21,'1/2015'),
 (1386,1,'N',2,25,NULL,11,21,'1/2015'),
 (1387,2,'N',1,25,NULL,11,21,'1/2015'),
 (1388,2,'N',2,25,NULL,11,21,'1/2015'),
 (1389,3,'N',1,25,NULL,75,21,'1/2015'),
 (1390,3,'N',2,25,NULL,75,21,'1/2015'),
 (1391,4,'N',1,25,NULL,11,21,'1/2015'),
 (1392,4,'N',2,25,NULL,11,21,'1/2015'),
 (1393,5,'N',1,25,NULL,75,21,'1/2015'),
 (1394,5,'N',2,25,NULL,75,21,'1/2015'),
 (1395,6,'M',1,25,NULL,119,21,'1/2015'),
 (1396,6,'M',2,25,NULL,119,21,'1/2015'),
 (1397,6,'T',1,27,NULL,NULL,21,'1/2015'),
 (1398,6,'T',2,27,NULL,NULL,21,'1/2015'),
 (1399,6,'M',3,27,NULL,NULL,21,'1/2015'),
 (1400,1,'N',1,13,NULL,82,22,'1/2015'),
 (1401,1,'N',2,13,NULL,82,22,'1/2015'),
 (1402,2,'N',1,25,NULL,65,22,'1/2015'),
 (1403,2,'N',2,25,NULL,65,22,'1/2015'),
 (1404,3,'N',1,1,NULL,39,22,'1/2015'),
 (1405,3,'N',2,1,NULL,39,22,'1/2015'),
 (1406,4,'N',1,1,NULL,36,22,'1/2015'),
 (1407,4,'N',2,1,NULL,36,22,'1/2015'),
 (1408,5,'N',1,13,NULL,66,22,'1/2015'),
 (1409,5,'N',2,13,NULL,42,22,'1/2015'),
 (1410,6,'M',1,1,NULL,35,22,'1/2015'),
 (1411,6,'M',2,1,NULL,35,22,'1/2015'),
 (1412,6,'M',3,28,NULL,NULL,22,'1/2015'),
 (1413,6,'T',1,28,NULL,NULL,22,'1/2015'),
 (1414,6,'T',2,28,NULL,NULL,22,'1/2015'),
 (1415,6,'T',3,28,NULL,NULL,22,'1/2015'),
 (1416,1,'N',1,1,NULL,39,23,'1/2015'),
 (1417,1,'N',2,1,NULL,39,23,'1/2015'),
 (1418,2,'N',1,1,NULL,39,23,'1/2015'),
 (1419,2,'N',2,1,NULL,39,23,'1/2015'),
 (1420,3,'N',1,1,NULL,36,23,'1/2015'),
 (1421,3,'N',2,1,NULL,36,23,'1/2015'),
 (1422,4,'N',1,1,NULL,35,23,'1/2015'),
 (1423,4,'N',2,1,NULL,35,23,'1/2015'),
 (1424,5,'N',1,1,NULL,39,23,'1/2015'),
 (1425,5,'N',2,1,NULL,39,23,'1/2015'),
 (1426,6,'M',1,28,NULL,NULL,23,'1/2015'),
 (1427,6,'M',2,28,NULL,NULL,23,'1/2015'),
 (1428,6,'M',3,28,NULL,NULL,23,'1/2015'),
 (1429,6,'T',1,28,NULL,NULL,23,'1/2015'),
 (1430,6,'T',2,28,NULL,NULL,23,'1/2015'),
 (1431,6,'T',3,28,NULL,NULL,23,'1/2015'),
 (1434,1,'N',1,25,NULL,NULL,24,'1/2015'),
 (1435,1,'N',2,25,NULL,NULL,24,'1/2015'),
 (1436,2,'N',1,25,NULL,NULL,24,'1/2015'),
 (1437,2,'N',2,25,NULL,NULL,24,'1/2015'),
 (1438,3,'N',1,25,NULL,NULL,24,'1/2015'),
 (1439,3,'N',2,25,NULL,NULL,24,'1/2015'),
 (1440,4,'N',1,25,NULL,NULL,24,'1/2015'),
 (1441,4,'N',2,25,NULL,NULL,24,'1/2015'),
 (1442,5,'N',1,25,NULL,NULL,24,'1/2015'),
 (1443,5,'N',2,25,NULL,NULL,24,'1/2015'),
 (1444,6,'M',1,25,NULL,NULL,24,'1/2015'),
 (1445,6,'M',2,25,NULL,NULL,24,'1/2015'),
 (1446,1,'N',2,20,NULL,NULL,25,'1/2015'),
 (1447,1,'N',3,20,NULL,NULL,25,'1/2015'),
 (1451,2,'N',1,20,NULL,55,25,'1/2015'),
 (1452,2,'N',2,20,NULL,55,25,'1/2015'),
 (1453,2,'N',3,20,NULL,55,25,'1/2015'),
 (1454,3,'N',1,20,NULL,84,25,'1/2015'),
 (1455,3,'N',2,20,NULL,84,25,'1/2015'),
 (1456,3,'N',3,20,NULL,81,25,'1/2015'),
 (1457,5,'N',1,20,NULL,55,25,'1/2015'),
 (1458,5,'N',2,20,NULL,55,25,'1/2015'),
 (1459,5,'N',3,20,NULL,117,25,'1/2015'),
 (1460,6,'M',1,20,NULL,88,25,'1/2015'),
 (1461,6,'M',2,20,NULL,88,25,'1/2015'),
 (1462,1,'N',1,9,NULL,NULL,26,'1/2015'),
 (1463,1,'N',2,9,NULL,NULL,26,'1/2015'),
 (1464,2,'N',1,9,NULL,22,26,'1/2015'),
 (1465,2,'N',2,9,NULL,22,26,'1/2015'),
 (1466,3,'N',1,9,NULL,95,26,'1/2015'),
 (1467,3,'N',2,9,NULL,95,26,'1/2015'),
 (1468,4,'N',1,9,NULL,89,26,'1/2015'),
 (1469,4,'N',2,9,NULL,89,26,'1/2015'),
 (1470,5,'N',1,9,NULL,134,26,'1/2015'),
 (1471,5,'N',2,9,NULL,134,26,'1/2015'),
 (1474,6,'M',3,9,NULL,89,26,'1/2015'),
 (1475,6,'T',1,9,NULL,89,26,'1/2015'),
 (1476,1,'N',1,9,NULL,22,27,'1/2015'),
 (1477,1,'N',2,9,NULL,22,27,'1/2015'),
 (1478,2,'N',1,9,NULL,94,27,'1/2015'),
 (1479,2,'N',2,9,NULL,94,27,'1/2015'),
 (1480,3,'N',1,9,NULL,NULL,27,'1/2015'),
 (1481,3,'N',2,9,NULL,NULL,27,'1/2015'),
 (1482,4,'N',1,9,NULL,96,27,'1/2015'),
 (1483,4,'N',2,9,NULL,96,27,'1/2015'),
 (1484,5,'N',1,9,NULL,99,27,'1/2015'),
 (1485,5,'N',2,9,NULL,99,27,'1/2015'),
 (1486,6,'M',1,9,NULL,96,27,'1/2015'),
 (1487,6,'M',2,9,NULL,96,27,'1/2015'),
 (1488,6,'M',3,9,NULL,95,27,'1/2015'),
 (1489,6,'T',1,9,NULL,95,27,'1/2015'),
 (1490,1,'N',1,9,NULL,97,28,'1/2015'),
 (1491,1,'N',2,9,NULL,97,28,'1/2015'),
 (1492,2,'N',1,9,NULL,22,28,'1/2015'),
 (1493,2,'N',2,9,NULL,22,28,'1/2015'),
 (1494,3,'N',1,9,NULL,99,28,'1/2015'),
 (1495,3,'N',2,9,NULL,99,28,'1/2015'),
 (1496,4,'N',1,9,NULL,99,28,'1/2015'),
 (1497,4,'N',2,9,NULL,99,28,'1/2015'),
 (1498,5,'N',1,9,NULL,95,28,'1/2015'),
 (1499,5,'N',2,9,NULL,95,28,'1/2015'),
 (1500,6,'M',1,9,NULL,97,28,'1/2015'),
 (1501,6,'M',2,9,NULL,97,28,'1/2015'),
 (1502,6,'M',3,9,NULL,95,28,'1/2015'),
 (1503,6,'T',1,9,NULL,95,28,'1/2015'),
 (1504,1,'N',1,13,NULL,NULL,29,'1/2015'),
 (1505,1,'N',2,13,NULL,NULL,29,'1/2015'),
 (1506,1,'N',3,13,NULL,NULL,29,'1/2015'),
 (1507,2,'N',1,13,NULL,101,29,'1/2015'),
 (1508,2,'N',2,13,NULL,101,29,'1/2015'),
 (1509,3,'N',1,13,NULL,100,29,'1/2015'),
 (1510,3,'N',2,13,NULL,100,29,'1/2015'),
 (1511,4,'N',1,13,NULL,100,29,'1/2015'),
 (1512,4,'N',2,13,NULL,100,29,'1/2015'),
 (1513,5,'N',1,13,NULL,129,29,'1/2015'),
 (1514,5,'N',2,13,NULL,129,29,'1/2015'),
 (1515,6,'M',1,13,NULL,129,29,'1/2015'),
 (1516,6,'M',2,13,NULL,129,29,'1/2015'),
 (1517,1,'N',1,20,NULL,88,30,'1/2015'),
 (1518,1,'N',2,20,NULL,88,30,'1/2015'),
 (1519,2,'N',1,20,NULL,82,30,'1/2015'),
 (1520,2,'N',2,20,NULL,82,30,'1/2015'),
 (1521,3,'N',1,20,NULL,82,30,'1/2015'),
 (1522,3,'N',2,20,NULL,82,30,'1/2015'),
 (1523,3,'N',3,20,NULL,83,30,'1/2015'),
 (1524,4,'N',1,20,NULL,84,30,'1/2015'),
 (1525,4,'N',2,20,NULL,84,30,'1/2015'),
 (1526,5,'N',1,20,NULL,88,30,'1/2015'),
 (1527,5,'N',2,20,NULL,88,30,'1/2015'),
 (1528,5,'N',3,20,NULL,82,30,'1/2015'),
 (1529,6,'M',1,20,NULL,84,30,'1/2015'),
 (1530,6,'M',2,20,NULL,84,30,'1/2015'),
 (1531,1,'N',1,25,NULL,NULL,32,'1/2015'),
 (1532,1,'N',2,25,NULL,NULL,32,'1/2015'),
 (1533,2,'N',1,25,NULL,52,32,'1/2015'),
 (1534,2,'N',2,25,NULL,52,32,'1/2015'),
 (1535,3,'N',1,25,NULL,107,32,'1/2015'),
 (1536,3,'N',2,25,NULL,107,32,'1/2015'),
 (1537,4,'N',1,25,NULL,83,32,'1/2015'),
 (1538,4,'N',2,25,NULL,83,32,'1/2015'),
 (1539,5,'N',1,25,NULL,NULL,32,'1/2015'),
 (1540,5,'N',2,25,NULL,NULL,32,'1/2015'),
 (1541,6,'M',1,25,NULL,35,32,'1/2015'),
 (1542,6,'M',2,25,NULL,35,32,'1/2015'),
 (1543,1,'N',1,25,NULL,NULL,33,'1/2015'),
 (1544,1,'N',2,25,NULL,NULL,33,'1/2015'),
 (1545,2,'N',1,25,NULL,NULL,33,'1/2015'),
 (1546,2,'N',2,25,NULL,NULL,33,'1/2015'),
 (1547,4,'N',1,25,NULL,NULL,33,'1/2015'),
 (1548,4,'N',2,25,NULL,NULL,33,'1/2015'),
 (1549,3,'N',1,25,NULL,NULL,33,'1/2015'),
 (1550,3,'N',2,25,NULL,NULL,33,'1/2015'),
 (1551,5,'N',1,25,NULL,12,33,'1/2015'),
 (1552,5,'N',2,25,NULL,12,33,'1/2015'),
 (1553,6,'M',1,25,NULL,NULL,33,'1/2015'),
 (1554,6,'M',2,25,NULL,NULL,33,'1/2015'),
 (1555,1,'N',1,5,NULL,NULL,1,'1/2015'),
 (1556,1,'N',2,5,NULL,NULL,1,'1/2015'),
 (1557,2,'N',1,5,NULL,NULL,1,'1/2015'),
 (1558,2,'N',2,5,NULL,NULL,1,'1/2015'),
 (1559,3,'N',1,5,NULL,NULL,1,'1/2015'),
 (1560,3,'N',2,5,NULL,NULL,1,'1/2015'),
 (1561,4,'N',1,5,NULL,NULL,1,'1/2015'),
 (1562,4,'N',2,5,NULL,NULL,1,'1/2015'),
 (1563,5,'N',1,5,NULL,NULL,1,'1/2015'),
 (1564,5,'N',2,5,NULL,NULL,1,'1/2015'),
 (1565,6,'M',1,5,NULL,NULL,1,'1/2015'),
 (1566,6,'M',2,5,NULL,NULL,1,'1/2015'),
 (1567,1,'N',1,5,NULL,NULL,2,'1/2015'),
 (1568,1,'N',2,5,NULL,NULL,2,'1/2015'),
 (1569,2,'N',1,5,NULL,NULL,2,'1/2015'),
 (1570,2,'N',2,5,NULL,NULL,2,'1/2015'),
 (1571,3,'N',1,5,NULL,NULL,2,'1/2015'),
 (1572,3,'N',2,5,NULL,NULL,2,'1/2015'),
 (1573,4,'N',1,5,NULL,NULL,2,'1/2015'),
 (1574,4,'N',2,5,NULL,NULL,2,'1/2015'),
 (1575,5,'N',1,5,NULL,NULL,2,'1/2015'),
 (1576,5,'N',2,5,NULL,NULL,2,'1/2015'),
 (1577,1,'N',1,25,NULL,52,4,'1/2015'),
 (1578,1,'N',2,25,NULL,52,4,'1/2015'),
 (1579,2,'N',1,25,NULL,17,4,'1/2015'),
 (1580,2,'N',2,25,NULL,17,4,'1/2015'),
 (1581,3,'N',1,4,NULL,NULL,4,'1/2015'),
 (1582,3,'N',2,4,NULL,NULL,4,'1/2015'),
 (1583,4,'N',1,25,NULL,16,4,'1/2015'),
 (1584,4,'N',2,25,NULL,16,4,'1/2015'),
 (1585,5,'N',2,17,NULL,43,4,'1/2015'),
 (1586,5,'N',3,17,NULL,43,4,'1/2015'),
 (1587,6,'M',1,25,NULL,15,4,'1/2015'),
 (1588,6,'M',2,25,NULL,15,4,'1/2015'),
 (1589,1,'N',1,25,NULL,56,3,'1/2015'),
 (1590,1,'N',2,25,NULL,56,3,'1/2015'),
 (1591,2,'N',1,17,NULL,11,3,'1/2015'),
 (1592,2,'N',2,20,NULL,NULL,3,'1/2015'),
 (1593,2,'N',3,20,NULL,NULL,3,'1/2015'),
 (1594,3,'N',1,25,NULL,101,3,'1/2015'),
 (1595,3,'N',2,25,NULL,101,3,'1/2015'),
 (1596,4,'N',1,25,NULL,13,3,'1/2015'),
 (1597,4,'N',2,25,NULL,13,3,'1/2015'),
 (1598,5,'N',1,23,NULL,14,3,'1/2015'),
 (1599,5,'N',2,23,NULL,14,3,'1/2015'),
 (1600,6,'M',1,25,NULL,65,3,'1/2015'),
 (1601,6,'M',2,25,NULL,65,3,'1/2015'),
 (1602,2,'N',1,20,NULL,NULL,34,'1/2015'),
 (1603,2,'N',2,30,NULL,92,34,'1/2015'),
 (1604,2,'N',3,30,NULL,92,34,'1/2015'),
 (1605,3,'N',1,23,NULL,131,34,'1/2015'),
 (1606,3,'N',2,23,NULL,131,34,'1/2015'),
 (1607,4,'N',1,20,NULL,135,34,'1/2015'),
 (1608,4,'N',2,20,NULL,135,34,'1/2015'),
 (1609,5,'N',1,23,NULL,131,34,'1/2015'),
 (1610,5,'N',2,23,NULL,131,34,'1/2015'),
 (1611,1,'N',1,23,NULL,23,5,'1/2015'),
 (1612,1,'N',2,23,NULL,23,5,'1/2015'),
 (1613,2,'N',1,23,NULL,20,5,'1/2015'),
 (1614,2,'N',2,23,NULL,20,5,'1/2015'),
 (1615,3,'N',1,23,NULL,20,5,'1/2015'),
 (1616,3,'N',2,23,NULL,20,5,'1/2015'),
 (1617,4,'N',1,23,NULL,28,5,'1/2015'),
 (1618,4,'N',2,23,NULL,28,5,'1/2015'),
 (1619,5,'N',1,23,NULL,23,5,'1/2015'),
 (1620,5,'N',2,23,NULL,23,5,'1/2015'),
 (1621,1,'N',1,25,178,NULL,24,'2/2015'),
 (1622,1,'N',2,25,178,NULL,24,'2/2015'),
 (1623,2,'N',1,25,178,NULL,24,'2/2015'),
 (1624,2,'N',2,25,178,NULL,24,'2/2015'),
 (1625,3,'N',1,25,178,NULL,24,'2/2015'),
 (1626,3,'N',2,25,178,NULL,24,'2/2015'),
 (1627,4,'N',1,25,178,NULL,24,'2/2015'),
 (1628,4,'N',2,25,178,NULL,24,'2/2015'),
 (1629,1,'N',2,20,NULL,NULL,25,'2/2015'),
 (1630,2,'N',1,20,NULL,88,25,'2/2015'),
 (1631,2,'N',2,20,NULL,83,25,'2/2015'),
 (1632,3,'N',1,20,NULL,84,25,'2/2015'),
 (1633,3,'N',2,20,NULL,83,25,'2/2015'),
 (1634,4,'N',1,22,NULL,NULL,25,'2/2015'),
 (1635,5,'M',1,20,NULL,120,25,'2/2015'),
 (1636,5,'M',2,20,NULL,120,25,'2/2015'),
 (1637,5,'N',1,20,NULL,55,25,'2/2015'),
 (1638,5,'N',2,20,NULL,117,25,'2/2015'),
 (1639,6,'M',1,20,NULL,120,25,'2/2015'),
 (1640,6,'M',2,20,NULL,14,25,'2/2015'),
 (1641,1,'N',1,9,NULL,95,26,'2/2015'),
 (1642,1,'N',2,9,NULL,95,26,'2/2015'),
 (1643,2,'N',2,30,NULL,92,26,'2/2015'),
 (1644,3,'N',1,9,NULL,95,26,'2/2015'),
 (1645,3,'N',2,9,NULL,95,26,'2/2015'),
 (1646,4,'N',1,9,NULL,89,26,'2/2015'),
 (1647,4,'N',2,9,NULL,89,26,'2/2015'),
 (1648,5,'N',1,9,NULL,89,26,'2/2015'),
 (1649,5,'N',2,9,NULL,89,26,'2/2015'),
 (1650,6,'M',3,9,25,NULL,26,'2/2015'),
 (1651,6,'T',1,9,25,NULL,26,'2/2015'),
 (1652,1,'N',1,9,25,NULL,27,'2/2015'),
 (1653,1,'N',2,9,25,NULL,27,'2/2015'),
 (1654,2,'N',1,9,NULL,22,27,'2/2015'),
 (1655,2,'N',2,9,NULL,22,27,'2/2015'),
 (1656,3,'N',1,9,NULL,95,27,'2/2015'),
 (1657,3,'N',2,9,NULL,95,27,'2/2015'),
 (1658,4,'N',1,9,NULL,43,27,'2/2015'),
 (1659,4,'N',2,9,NULL,43,27,'2/2015'),
 (1660,5,'N',1,9,NULL,134,27,'2/2015'),
 (1661,5,'N',2,9,NULL,134,27,'2/2015'),
 (1662,6,'M',1,9,NULL,96,27,'2/2015'),
 (1663,6,'M',2,9,NULL,96,27,'2/2015'),
 (1664,6,'T',1,9,25,NULL,27,'2/2015'),
 (1665,6,'T',2,9,25,NULL,27,'2/2015'),
 (1666,1,'N',1,9,NULL,97,28,'2/2015'),
 (1667,1,'N',2,9,NULL,97,28,'2/2015'),
 (1670,1,'M',1,1,151,37,17,'2/2016'),
 (1671,1,'M',2,1,151,37,17,'2/2016'),
 (1672,1,'M',3,1,151,37,17,'2/2016'),
 (1673,2,'N',1,9,NULL,22,28,'2/2015'),
 (1674,2,'N',2,9,NULL,22,28,'2/2015'),
 (1675,3,'N',1,9,NULL,99,28,'2/2015'),
 (1676,3,'N',2,9,NULL,99,28,'2/2015'),
 (1677,4,'N',1,9,NULL,99,28,'2/2015'),
 (1678,4,'N',2,9,NULL,99,28,'2/2015'),
 (1679,5,'N',1,9,NULL,95,28,'2/2015'),
 (1680,5,'N',2,9,NULL,95,28,'2/2015'),
 (1681,6,'M',1,9,NULL,97,28,'2/2015'),
 (1682,6,'M',2,9,NULL,97,28,'2/2015'),
 (1683,6,'T',1,9,25,NULL,28,'2/2015'),
 (1684,6,'T',2,9,25,NULL,28,'2/2015'),
 (1685,3,'M',1,23,NULL,19,28,'2/2015'),
 (1686,3,'M',2,9,NULL,93,28,'2/2015'),
 (1687,1,'N',1,13,NULL,129,29,'2/2015'),
 (1688,1,'N',2,13,NULL,129,29,'2/2015'),
 (1689,2,'N',1,13,NULL,66,29,'2/2015'),
 (1690,2,'N',2,13,NULL,66,29,'2/2015'),
 (1691,3,'N',1,13,NULL,NULL,29,'2/2015'),
 (1692,3,'N',2,13,NULL,NULL,29,'2/2015'),
 (1693,4,'N',1,13,NULL,101,29,'2/2015'),
 (1694,4,'N',2,13,NULL,101,29,'2/2015'),
 (1695,5,'N',1,13,NULL,NULL,29,'2/2015');
INSERT INTO `tb_aula` (`cd_aula`,`dd_semana_aula`,`ds_periodo`,`cd_horario`,`cd_curso`,`cd_materia`,`cd_professor`,`cd_laboratorio`,`ds_semestre`) VALUES 
 (1696,5,'N',2,13,NULL,NULL,29,'2/2015'),
 (1697,1,'M',3,20,NULL,82,30,'2/2015'),
 (1698,1,'N',1,20,NULL,81,30,'2/2015'),
 (1699,1,'N',2,20,NULL,81,30,'2/2015'),
 (1700,2,'M',1,20,NULL,84,30,'2/2015'),
 (1701,2,'N',1,20,NULL,82,30,'2/2015'),
 (1702,2,'N',2,20,NULL,82,30,'2/2015'),
 (1703,3,'N',1,20,NULL,81,30,'2/2015'),
 (1704,3,'N',2,20,NULL,81,30,'2/2015'),
 (1705,4,'N',2,20,NULL,84,30,'2/2015'),
 (1706,4,'M',2,20,NULL,99,30,'2/2015'),
 (1707,4,'N',1,20,NULL,84,30,'2/2015'),
 (1708,5,'N',1,20,NULL,81,30,'2/2015'),
 (1709,5,'N',2,20,NULL,81,30,'2/2015'),
 (1710,6,'M',1,20,NULL,84,30,'2/2015'),
 (1711,6,'M',2,20,NULL,84,30,'2/2015'),
 (1712,1,'N',1,25,9,85,32,'2/2015'),
 (1713,1,'N',2,25,9,85,32,'2/2015'),
 (1714,2,'M',1,25,NULL,52,32,'2/2015'),
 (1715,2,'M',2,25,NULL,52,32,'2/2015'),
 (1716,2,'N',1,25,NULL,85,32,'2/2015'),
 (1717,2,'N',2,25,NULL,85,32,'2/2015'),
 (1718,3,'N',1,25,NULL,107,32,'2/2015'),
 (1719,3,'N',2,25,NULL,107,32,'2/2015'),
 (1720,4,'N',1,25,NULL,85,32,'2/2015'),
 (1721,4,'N',2,25,NULL,85,32,'2/2015'),
 (1722,5,'N',1,25,NULL,85,32,'2/2015'),
 (1723,5,'N',2,25,NULL,85,32,'2/2015'),
 (1724,6,'M',1,25,19,NULL,32,'2/2015'),
 (1725,6,'M',2,25,19,NULL,32,'2/2015'),
 (1726,1,'N',1,25,NULL,NULL,33,'2/2015'),
 (1727,1,'N',2,25,NULL,NULL,33,'2/2015'),
 (1728,2,'N',1,25,NULL,NULL,33,'2/2015'),
 (1729,2,'N',2,25,NULL,NULL,33,'2/2015'),
 (1730,3,'N',1,25,NULL,NULL,33,'2/2015'),
 (1731,3,'N',2,25,NULL,NULL,33,'2/2015'),
 (1732,4,'N',1,25,NULL,85,33,'2/2015'),
 (1733,4,'N',2,25,NULL,85,33,'2/2015'),
 (1734,5,'N',1,25,NULL,12,33,'2/2015'),
 (1735,5,'N',2,25,NULL,12,33,'2/2015'),
 (1736,6,'M',1,25,NULL,NULL,33,'2/2015'),
 (1737,6,'M',2,25,NULL,NULL,33,'2/2015'),
 (1738,1,'M',1,5,NULL,115,1,'2/2015'),
 (1739,1,'N',1,5,NULL,1,1,'2/2015'),
 (1740,1,'N',2,5,NULL,1,1,'2/2015'),
 (1741,2,'M',1,5,NULL,115,1,'2/2015'),
 (1742,2,'M',2,5,NULL,115,1,'2/2015'),
 (1743,2,'N',1,5,NULL,8,1,'2/2015'),
 (1744,2,'N',2,5,NULL,1,1,'2/2015'),
 (1745,3,'M',1,5,NULL,1,1,'2/2015'),
 (1746,3,'M',2,5,NULL,1,1,'2/2015'),
 (1747,3,'N',1,5,NULL,8,1,'2/2015'),
 (1748,4,'M',1,5,NULL,115,1,'2/2015'),
 (1749,4,'M',2,5,NULL,115,1,'2/2015'),
 (1750,4,'N',1,25,NULL,47,1,'2/2015'),
 (1751,4,'N',2,25,NULL,47,1,'2/2015'),
 (1752,5,'M',1,5,NULL,115,1,'2/2015'),
 (1753,5,'M',2,5,NULL,115,1,'2/2015'),
 (1754,5,'N',1,5,NULL,NULL,1,'2/2015'),
 (1755,3,'M',1,25,NULL,24,6,'2/2014'),
 (1756,5,'N',2,5,NULL,NULL,1,'2/2015'),
 (1757,3,'M',2,25,NULL,24,6,'2/2014'),
 (1758,3,'M',3,25,NULL,24,6,'2/2014'),
 (1759,6,'M',2,5,NULL,NULL,1,'2/2015'),
 (1760,6,'M',3,5,NULL,NULL,1,'2/2015'),
 (1761,1,'N',1,5,NULL,5,2,'2/2015'),
 (1762,1,'N',2,5,NULL,4,2,'2/2015'),
 (1763,2,'N',1,5,NULL,3,2,'2/2015'),
 (1764,1,'N',1,25,NULL,26,6,'2/2014'),
 (1765,1,'N',2,25,NULL,26,6,'2/2014'),
 (1766,1,'N',3,25,NULL,26,6,'2/2014'),
 (1767,2,'N',1,25,NULL,26,6,'2/2014'),
 (1768,2,'N',2,25,NULL,26,6,'2/2014'),
 (1769,2,'N',3,25,NULL,26,6,'2/2014'),
 (1770,3,'N',1,25,NULL,24,6,'2/2014'),
 (1771,3,'N',2,25,NULL,24,6,'2/2014'),
 (1772,3,'N',3,25,NULL,24,6,'2/2014'),
 (1773,4,'N',1,25,NULL,7,6,'2/2014'),
 (1774,4,'N',2,25,NULL,7,6,'2/2014'),
 (1775,4,'N',3,25,NULL,7,6,'2/2014'),
 (1776,5,'N',1,17,NULL,128,6,'2/2014'),
 (1777,5,'N',2,17,NULL,128,6,'2/2014'),
 (1778,5,'N',3,17,NULL,128,6,'2/2014'),
 (1779,6,'M',1,25,NULL,111,6,'2/2014'),
 (1780,6,'M',2,25,NULL,111,6,'2/2014'),
 (1781,2,'N',2,5,NULL,3,2,'2/2015'),
 (1782,6,'M',3,25,NULL,111,6,'2/2014'),
 (1783,3,'N',2,5,NULL,2,2,'2/2015'),
 (1784,3,'M',1,5,NULL,2,2,'2/2015'),
 (1785,6,'T',1,25,NULL,112,6,'2/2014'),
 (1786,4,'N',1,5,NULL,3,2,'2/2015'),
 (1787,6,'T',2,25,NULL,112,6,'2/2014'),
 (1788,4,'N',2,5,NULL,3,2,'2/2015'),
 (1789,6,'T',3,25,NULL,112,6,'2/2014'),
 (1790,5,'N',1,5,NULL,NULL,2,'2/2015'),
 (1791,5,'N',2,5,NULL,NULL,2,'2/2015'),
 (1792,1,'N',1,25,NULL,52,4,'2/2015'),
 (1793,1,'N',2,25,NULL,52,4,'2/2015'),
 (1794,2,'N',1,25,NULL,17,4,'2/2015'),
 (1795,2,'N',2,25,NULL,17,4,'2/2015'),
 (1796,3,'N',1,25,NULL,78,4,'2/2015'),
 (1797,3,'N',2,25,NULL,78,4,'2/2015'),
 (1798,4,'N',1,25,NULL,16,4,'2/2015'),
 (1799,4,'N',2,25,NULL,16,4,'2/2015'),
 (1800,5,'N',1,25,NULL,120,4,'2/2015'),
 (1801,5,'N',2,25,NULL,120,4,'2/2015'),
 (1802,6,'M',1,25,NULL,15,4,'2/2015'),
 (1803,6,'M',2,25,NULL,15,4,'2/2015'),
 (1804,1,'N',1,1,NULL,56,3,'2/2015'),
 (1805,1,'N',2,1,NULL,56,3,'2/2015'),
 (1806,2,'N',1,17,NULL,11,3,'2/2015'),
 (1807,2,'N',2,20,NULL,NULL,3,'2/2015'),
 (1808,3,'N',1,25,NULL,101,3,'2/2015'),
 (1809,3,'N',2,25,NULL,101,3,'2/2015'),
 (1810,4,'N',1,25,NULL,13,3,'2/2015'),
 (1811,4,'N',2,25,NULL,13,3,'2/2015'),
 (1812,5,'N',1,1,NULL,126,3,'2/2015'),
 (1813,5,'N',2,1,NULL,126,3,'2/2015'),
 (1814,6,'M',1,25,NULL,58,3,'2/2015'),
 (1815,6,'M',2,25,NULL,58,3,'2/2015'),
 (1816,2,'N',1,20,NULL,NULL,34,'2/2015'),
 (1817,3,'N',1,23,NULL,131,34,'2/2015'),
 (1818,3,'N',2,23,NULL,131,34,'2/2015'),
 (1819,4,'M',2,23,NULL,93,34,'2/2015'),
 (1820,4,'M',3,23,NULL,93,34,'2/2015'),
 (1821,4,'N',1,20,NULL,135,34,'2/2015'),
 (1822,4,'N',2,20,NULL,135,34,'2/2015'),
 (1823,5,'N',1,23,NULL,131,34,'2/2015'),
 (1824,5,'N',2,23,NULL,131,34,'2/2015'),
 (1825,1,'N',1,23,NULL,23,5,'2/2015'),
 (1826,1,'N',2,23,NULL,23,5,'2/2015'),
 (1827,2,'M',2,23,NULL,89,5,'2/2015'),
 (1828,2,'M',3,23,NULL,20,5,'2/2015'),
 (1829,2,'N',1,23,NULL,20,5,'2/2015'),
 (1830,2,'N',2,23,NULL,20,5,'2/2015'),
 (1831,3,'M',2,23,NULL,NULL,5,'2/2015'),
 (1832,3,'N',1,23,NULL,20,5,'2/2015'),
 (1833,3,'N',2,23,NULL,20,5,'2/2015'),
 (1834,4,'M',2,23,NULL,23,5,'2/2015'),
 (1835,4,'M',3,23,NULL,23,5,'2/2015'),
 (1836,4,'N',1,23,NULL,93,5,'2/2015'),
 (1837,4,'N',2,23,NULL,93,5,'2/2015'),
 (1838,5,'M',2,23,NULL,131,5,'2/2015'),
 (1839,5,'N',1,23,NULL,23,5,'2/2015'),
 (1840,5,'N',2,23,NULL,23,5,'2/2015'),
 (1841,1,'N',1,25,NULL,NULL,6,'1/2015'),
 (1842,1,'N',2,25,NULL,NULL,6,'1/2015'),
 (1843,2,'N',1,25,NULL,26,6,'1/2015'),
 (1844,2,'N',2,25,NULL,26,6,'1/2015'),
 (1845,3,'N',1,25,NULL,24,6,'1/2015'),
 (1846,3,'N',2,25,NULL,24,6,'1/2015'),
 (1847,4,'N',1,25,NULL,7,6,'1/2015'),
 (1848,4,'N',2,25,NULL,7,6,'1/2015'),
 (1849,5,'N',1,25,NULL,26,6,'1/2015'),
 (1850,5,'N',2,25,NULL,26,6,'1/2015'),
 (1851,1,'N',1,25,NULL,26,8,'1/2015'),
 (1852,1,'N',2,25,NULL,26,8,'1/2015'),
 (1853,2,'N',1,25,NULL,28,8,'1/2015'),
 (1854,2,'N',2,25,NULL,28,8,'1/2015'),
 (1855,3,'N',1,25,NULL,27,8,'1/2015'),
 (1856,3,'N',2,25,NULL,27,8,'1/2015'),
 (1857,4,'N',1,25,NULL,26,8,'1/2015'),
 (1858,4,'N',2,25,NULL,26,8,'1/2015'),
 (1859,5,'N',1,25,NULL,65,8,'1/2015'),
 (1860,5,'N',2,25,NULL,65,8,'1/2015'),
 (1861,1,'N',1,16,NULL,65,9,'1/2015'),
 (1862,1,'N',3,13,NULL,65,9,'1/2015'),
 (1863,2,'N',1,16,NULL,66,9,'1/2015'),
 (1864,2,'N',2,16,NULL,66,9,'1/2015'),
 (1865,3,'N',1,13,NULL,25,9,'1/2015'),
 (1866,3,'N',2,13,NULL,25,9,'1/2015'),
 (1867,4,'N',1,13,NULL,25,9,'1/2015'),
 (1868,4,'N',2,13,NULL,63,9,'1/2015'),
 (1869,5,'N',1,13,NULL,NULL,9,'1/2015'),
 (1870,5,'N',2,13,NULL,NULL,9,'1/2015'),
 (1871,1,'N',1,1,NULL,56,10,'1/2015'),
 (1872,1,'N',2,1,NULL,56,10,'1/2015'),
 (1873,2,'N',1,1,NULL,35,10,'1/2015'),
 (1874,2,'N',2,1,NULL,35,10,'1/2015'),
 (1875,3,'N',1,1,NULL,35,10,'1/2015'),
 (1876,3,'N',2,1,NULL,35,10,'1/2015'),
 (1877,4,'N',1,1,NULL,10,10,'1/2015'),
 (1878,4,'N',2,1,NULL,10,10,'1/2015'),
 (1879,5,'N',1,1,NULL,37,10,'1/2015'),
 (1880,5,'N',2,1,NULL,37,10,'1/2015'),
 (1881,1,'N',1,1,NULL,126,11,'1/2015'),
 (1882,1,'N',2,1,NULL,126,11,'1/2015'),
 (1883,2,'N',1,1,NULL,126,11,'1/2015'),
 (1884,2,'N',2,1,NULL,126,11,'1/2015'),
 (1885,3,'N',1,1,NULL,126,11,'1/2015'),
 (1886,3,'N',2,1,NULL,126,11,'1/2015'),
 (1887,4,'N',1,25,NULL,NULL,11,'1/2015'),
 (1888,4,'N',2,25,NULL,NULL,11,'1/2015'),
 (1889,5,'N',1,1,NULL,36,11,'1/2015'),
 (1890,5,'N',2,1,NULL,36,11,'1/2015'),
 (1891,1,'N',1,25,NULL,40,12,'1/2015'),
 (1892,1,'N',2,25,NULL,40,12,'1/2015'),
 (1893,2,'N',1,25,NULL,NULL,12,'1/2015'),
 (1894,2,'N',2,25,NULL,NULL,12,'1/2015'),
 (1895,3,'N',1,25,NULL,40,12,'1/2015'),
 (1896,3,'N',2,25,NULL,40,12,'1/2015'),
 (1897,4,'N',1,25,NULL,40,12,'1/2015'),
 (1898,4,'N',2,25,NULL,40,12,'1/2015'),
 (1899,5,'N',1,25,NULL,40,12,'1/2015'),
 (1900,5,'N',2,25,NULL,40,12,'1/2015'),
 (1901,1,'N',1,25,NULL,27,13,'1/2015'),
 (1902,1,'N',2,25,NULL,27,13,'1/2015'),
 (1903,2,'N',1,25,NULL,27,13,'1/2015'),
 (1904,2,'N',2,25,NULL,27,13,'1/2015'),
 (1905,3,'N',1,13,NULL,82,13,'1/2015'),
 (1906,3,'N',2,13,NULL,65,13,'1/2015'),
 (1907,4,'N',1,13,NULL,111,13,'1/2015'),
 (1908,4,'N',2,13,NULL,111,13,'1/2015'),
 (1909,5,'N',1,13,NULL,32,13,'1/2015'),
 (1910,5,'N',2,13,NULL,32,13,'1/2015'),
 (1911,1,'N',1,25,NULL,51,15,'1/2015'),
 (1912,1,'N',2,25,NULL,51,15,'1/2015'),
 (1913,2,'N',1,25,NULL,43,15,'1/2015'),
 (1914,2,'N',2,25,NULL,43,15,'1/2015'),
 (1915,3,'N',1,25,NULL,49,15,'1/2015'),
 (1916,3,'N',2,25,NULL,49,15,'1/2015'),
 (1917,4,'N',1,25,NULL,82,15,'1/2015'),
 (1918,4,'N',2,25,NULL,82,15,'1/2015'),
 (1919,5,'N',1,25,NULL,29,15,'1/2015'),
 (1920,5,'N',2,25,NULL,29,15,'1/2015'),
 (1921,1,'N',1,25,NULL,28,8,'2/2014'),
 (1922,1,'N',2,25,NULL,28,8,'2/2014'),
 (1923,2,'N',1,25,NULL,58,8,'2/2014'),
 (1924,2,'N',2,25,NULL,58,8,'2/2014'),
 (1925,3,'N',1,25,NULL,26,8,'2/2014'),
 (1926,3,'N',2,25,NULL,26,8,'2/2014'),
 (1927,4,'N',1,25,NULL,27,8,'2/2014'),
 (1928,4,'N',2,25,NULL,27,8,'2/2014'),
 (1929,5,'N',1,25,NULL,101,8,'2/2014'),
 (1930,5,'N',2,25,NULL,101,8,'2/2014'),
 (1931,6,'M',1,28,NULL,NULL,8,'2/2014'),
 (1932,6,'M',2,28,NULL,NULL,8,'2/2014'),
 (1933,6,'N',1,28,NULL,NULL,8,'2/2014'),
 (1934,1,'N',1,16,NULL,59,9,'2/2014'),
 (1935,1,'N',2,16,NULL,59,9,'2/2014'),
 (1936,2,'N',1,13,NULL,NULL,9,'2/2014'),
 (1937,2,'N',2,13,NULL,NULL,9,'2/2014'),
 (1938,3,'N',1,13,NULL,32,9,'2/2014'),
 (1939,3,'N',2,13,NULL,32,9,'2/2014'),
 (1940,4,'N',1,13,NULL,NULL,9,'2/2014'),
 (1941,4,'N',2,13,NULL,NULL,9,'2/2014'),
 (1942,5,'N',1,16,NULL,25,9,'2/2014'),
 (1943,5,'N',2,16,NULL,25,9,'2/2014'),
 (1944,6,'M',1,25,NULL,29,9,'2/2014'),
 (1945,6,'M',2,25,NULL,29,9,'2/2014'),
 (1946,1,'N',1,1,NULL,37,10,'2/2014'),
 (1947,1,'N',2,1,NULL,37,10,'2/2014'),
 (1948,2,'N',1,1,NULL,35,10,'2/2014'),
 (1949,2,'N',2,1,NULL,35,10,'2/2014'),
 (1950,3,'N',1,1,NULL,126,10,'2/2014'),
 (1951,3,'N',2,1,NULL,126,10,'2/2014'),
 (1952,4,'N',1,1,NULL,39,10,'2/2014'),
 (1953,4,'N',2,1,NULL,39,10,'2/2014'),
 (1954,5,'N',1,1,NULL,36,10,'2/2014'),
 (1955,5,'N',2,1,NULL,36,10,'2/2014'),
 (1956,6,'M',1,25,NULL,114,10,'2/2014'),
 (1957,6,'M',2,25,NULL,114,10,'2/2014'),
 (1958,1,'N',1,1,NULL,126,11,'2/2014'),
 (1959,1,'N',2,1,NULL,126,11,'2/2014'),
 (1960,2,'N',1,1,NULL,126,11,'2/2014'),
 (1961,2,'N',2,1,NULL,126,11,'2/2014'),
 (1962,3,'N',1,1,NULL,35,11,'2/2014'),
 (1963,3,'N',2,1,NULL,35,11,'2/2014'),
 (1964,4,'N',1,25,NULL,17,11,'2/2014'),
 (1965,4,'N',2,25,NULL,17,11,'2/2014'),
 (1966,5,'N',1,1,NULL,37,11,'2/2014'),
 (1967,5,'N',2,1,NULL,37,11,'2/2014'),
 (1968,6,'M',1,1,NULL,37,11,'2/2014'),
 (1969,6,'M',2,1,NULL,37,11,'2/2014'),
 (1970,1,'N',1,25,NULL,40,12,'2/2014'),
 (1971,1,'N',2,25,NULL,40,12,'2/2014'),
 (1972,2,'N',1,25,NULL,26,12,'2/2014'),
 (1973,2,'N',2,25,NULL,26,12,'2/2014'),
 (1974,3,'N',1,25,NULL,40,12,'2/2014'),
 (1975,3,'N',2,25,NULL,40,12,'2/2014'),
 (1976,4,'M',1,25,NULL,53,12,'2/2014'),
 (1977,4,'M',2,25,NULL,53,12,'2/2014'),
 (1978,4,'N',1,25,NULL,40,12,'2/2014'),
 (1979,4,'N',2,25,NULL,40,12,'2/2014'),
 (1980,5,'N',1,25,NULL,40,12,'2/2014'),
 (1981,5,'N',2,25,NULL,40,12,'2/2014'),
 (1982,6,'M',1,25,NULL,40,12,'2/2014'),
 (1983,6,'M',2,25,NULL,40,12,'2/2014'),
 (1984,6,'M',3,25,NULL,NULL,12,'2/2014'),
 (1985,6,'T',1,25,NULL,NULL,12,'2/2014'),
 (1986,1,'M',1,17,NULL,11,13,'2/2014'),
 (1987,1,'N',1,25,NULL,27,13,'2/2014'),
 (1988,1,'N',2,25,NULL,27,13,'2/2014'),
 (1989,2,'M',1,25,NULL,126,13,'2/2014'),
 (1990,2,'M',2,25,NULL,126,13,'2/2014'),
 (1991,2,'N',1,25,NULL,27,13,'2/2014'),
 (1992,2,'N',2,25,NULL,27,13,'2/2014'),
 (1993,3,'M',1,13,NULL,100,13,'2/2014'),
 (1994,3,'M',2,13,NULL,100,13,'2/2014'),
 (1995,3,'N',1,13,NULL,100,13,'2/2014'),
 (1996,3,'N',2,13,NULL,100,13,'2/2014'),
 (1997,4,'N',1,16,NULL,65,13,'2/2014'),
 (1998,4,'N',2,16,NULL,65,13,'2/2014'),
 (1999,5,'N',1,13,NULL,100,13,'2/2014'),
 (2000,5,'N',2,13,NULL,100,13,'2/2014'),
 (2001,6,'M',1,24,NULL,NULL,13,'2/2014'),
 (2002,6,'M',2,24,NULL,NULL,13,'2/2014'),
 (2003,1,'N',1,25,NULL,65,15,'2/2014'),
 (2004,1,'N',2,25,NULL,65,15,'2/2014'),
 (2005,2,'N',1,25,NULL,43,15,'2/2014'),
 (2006,2,'N',2,25,NULL,43,15,'2/2014'),
 (2007,3,'N',1,25,NULL,49,15,'2/2014'),
 (2008,3,'N',2,25,NULL,49,15,'2/2014'),
 (2009,4,'N',1,25,NULL,82,15,'2/2014'),
 (2010,4,'N',2,25,NULL,82,15,'2/2014'),
 (2012,5,'M',2,27,NULL,NULL,15,'2/2014'),
 (2013,5,'M',3,27,NULL,NULL,15,'2/2014'),
 (2014,5,'N',1,25,NULL,29,15,'2/2014'),
 (2015,5,'N',2,25,NULL,29,15,'2/2014'),
 (2016,6,'M',1,28,NULL,NULL,15,'2/2014'),
 (2017,6,'M',2,28,NULL,NULL,15,'2/2014'),
 (2018,6,'T',1,28,NULL,NULL,15,'2/2014'),
 (2019,1,'N',1,25,NULL,40,16,'2/2014'),
 (2020,1,'N',2,25,NULL,NULL,16,'2/2014'),
 (2021,2,'N',1,25,NULL,53,16,'2/2014'),
 (2022,2,'N',2,25,NULL,NULL,16,'2/2014'),
 (2023,3,'N',1,25,NULL,53,16,'2/2014'),
 (2024,3,'N',2,25,NULL,122,16,'2/2014'),
 (2025,4,'N',1,25,NULL,53,16,'2/2014'),
 (2026,4,'N',2,25,NULL,122,16,'2/2014'),
 (2027,5,'N',1,25,NULL,26,16,'2/2014'),
 (2028,5,'N',2,25,NULL,26,16,'2/2014'),
 (2029,1,'M',1,27,NULL,NULL,17,'2/2014'),
 (2030,1,'N',1,25,NULL,NULL,17,'2/2014'),
 (2031,1,'N',2,25,NULL,NULL,17,'2/2014'),
 (2032,2,'M',1,27,NULL,NULL,17,'2/2014'),
 (2033,2,'M',2,27,NULL,NULL,17,'2/2014'),
 (2034,2,'N',1,25,NULL,28,17,'2/2014'),
 (2035,2,'N',2,25,NULL,28,17,'2/2014'),
 (2036,3,'M',1,27,NULL,NULL,17,'2/2014'),
 (2037,3,'M',2,27,NULL,NULL,17,'2/2014'),
 (2038,3,'N',1,23,NULL,19,17,'2/2014'),
 (2039,3,'N',2,23,NULL,19,17,'2/2014'),
 (2040,4,'N',1,20,NULL,97,17,'2/2014'),
 (2041,4,'N',2,20,NULL,97,17,'2/2014'),
 (2042,5,'M',1,17,NULL,128,17,'2/2014'),
 (2043,5,'M',2,17,NULL,128,17,'2/2014'),
 (2044,5,'N',1,13,NULL,66,17,'2/2014'),
 (2045,5,'N',2,13,NULL,66,17,'2/2014'),
 (2046,6,'M',1,20,NULL,99,17,'2/2014'),
 (2047,6,'M',2,20,NULL,99,17,'2/2014'),
 (2048,6,'M',3,27,NULL,NULL,17,'2/2014'),
 (2049,6,'T',1,27,NULL,NULL,17,'2/2014'),
 (2050,1,'M',1,1,NULL,126,18,'2/2014'),
 (2051,1,'N',1,25,NULL,58,18,'2/2014'),
 (2052,1,'N',2,25,NULL,58,18,'2/2014'),
 (2053,2,'N',1,16,NULL,NULL,18,'2/2014'),
 (2054,2,'N',2,16,NULL,NULL,18,'2/2014'),
 (2057,3,'N',1,16,NULL,59,18,'2/2014'),
 (2058,3,'N',2,16,NULL,59,18,'2/2014'),
 (2059,4,'N',1,16,NULL,64,18,'2/2014'),
 (2060,4,'N',2,16,NULL,64,18,'2/2014'),
 (2061,5,'M',1,25,NULL,67,18,'2/2014'),
 (2062,5,'M',2,25,NULL,67,18,'2/2014'),
 (2063,4,'M',1,25,NULL,58,18,'2/2014'),
 (2064,4,'M',2,25,NULL,58,18,'2/2014'),
 (2065,5,'N',1,25,NULL,NULL,18,'2/2014'),
 (2066,5,'N',2,25,NULL,NULL,18,'2/2014'),
 (2067,6,'M',1,25,NULL,NULL,18,'2/2014'),
 (2068,6,'M',2,25,NULL,NULL,18,'2/2014'),
 (2069,1,'M',1,13,NULL,34,19,'2/2014'),
 (2070,1,'N',1,13,NULL,NULL,19,'2/2014'),
 (2071,1,'N',2,13,NULL,63,19,'2/2014'),
 (2072,2,'N',1,13,NULL,82,19,'2/2014'),
 (2073,2,'N',2,13,NULL,82,19,'2/2014'),
 (2074,3,'M',1,25,NULL,71,19,'2/2014'),
 (2075,3,'M',2,25,NULL,71,19,'2/2014'),
 (2076,3,'N',1,13,NULL,34,19,'2/2014'),
 (2077,3,'N',2,13,NULL,34,19,'2/2014'),
 (2078,4,'N',1,13,NULL,42,19,'2/2014'),
 (2079,4,'N',2,13,NULL,42,19,'2/2014'),
 (2080,5,'M',1,25,NULL,71,19,'2/2014'),
 (2081,5,'M',2,25,NULL,71,19,'2/2014'),
 (2082,5,'N',1,13,NULL,31,19,'2/2014'),
 (2083,5,'N',2,13,NULL,31,19,'2/2014'),
 (2084,6,'M',1,29,NULL,NULL,19,'2/2014'),
 (2085,6,'M',2,29,NULL,NULL,19,'2/2014'),
 (2086,1,'M',1,25,NULL,68,20,'2/2014'),
 (2087,1,'N',1,25,NULL,67,20,'2/2014'),
 (2088,1,'N',2,25,NULL,67,20,'2/2014'),
 (2089,2,'M',1,25,NULL,52,20,'2/2014'),
 (2090,2,'M',2,25,NULL,52,20,'2/2014'),
 (2091,2,'N',1,25,NULL,67,20,'2/2014'),
 (2092,2,'N',2,25,NULL,67,20,'2/2014'),
 (2093,3,'M',1,25,NULL,67,20,'2/2014'),
 (2094,3,'M',2,25,NULL,67,20,'2/2014'),
 (2095,3,'N',1,25,NULL,11,20,'2/2014'),
 (2096,3,'N',2,25,NULL,11,20,'2/2014'),
 (2097,4,'N',1,25,NULL,67,20,'2/2014'),
 (2098,4,'N',2,25,NULL,67,20,'2/2014'),
 (2099,5,'M',1,25,NULL,126,20,'2/2014'),
 (2100,5,'M',2,25,NULL,126,20,'2/2014'),
 (2101,5,'N',1,25,NULL,11,20,'2/2014'),
 (2102,5,'N',2,25,NULL,11,20,'2/2014'),
 (2103,6,'M',1,25,NULL,11,20,'2/2014'),
 (2104,6,'M',2,25,NULL,11,20,'2/2014'),
 (2105,6,'T',1,28,NULL,NULL,20,'2/2014'),
 (2106,6,'T',2,28,NULL,NULL,20,'2/2014'),
 (2107,1,'M',1,25,19,NULL,21,'2/2014'),
 (2108,1,'N',1,25,NULL,11,21,'2/2014'),
 (2109,1,'N',2,25,NULL,11,21,'2/2014'),
 (2110,2,'M',1,25,NULL,68,21,'2/2014'),
 (2111,2,'M',2,25,NULL,68,21,'2/2014'),
 (2112,2,'N',1,25,NULL,11,21,'2/2014'),
 (2113,2,'N',2,25,NULL,11,21,'2/2014'),
 (2114,3,'N',1,25,NULL,75,21,'2/2014'),
 (2115,3,'N',2,25,NULL,75,21,'2/2014'),
 (2116,4,'M',1,27,NULL,NULL,21,'2/2014'),
 (2117,4,'M',2,27,NULL,NULL,21,'2/2014'),
 (2118,4,'N',1,25,NULL,11,21,'2/2014'),
 (2119,4,'N',2,25,NULL,11,21,'2/2014'),
 (2120,5,'M',1,27,NULL,NULL,21,'2/2014'),
 (2121,5,'M',2,27,NULL,NULL,21,'2/2014'),
 (2122,5,'N',1,25,NULL,75,21,'2/2014'),
 (2123,5,'N',2,25,NULL,75,21,'2/2014'),
 (2124,6,'M',1,25,NULL,58,21,'2/2014'),
 (2125,6,'M',2,25,NULL,58,21,'2/2014'),
 (2126,1,'N',1,13,NULL,45,22,'2/2014'),
 (2127,1,'N',2,13,NULL,45,22,'2/2014'),
 (2128,2,'M',1,25,NULL,58,22,'2/2014'),
 (2129,2,'M',2,25,NULL,58,22,'2/2014'),
 (2130,2,'N',1,1,NULL,12,22,'2/2014'),
 (2131,2,'N',2,1,NULL,12,22,'2/2014'),
 (2132,3,'N',1,1,NULL,36,22,'2/2014'),
 (2133,3,'N',2,1,NULL,36,22,'2/2014'),
 (2134,4,'M',2,1,NULL,37,22,'2/2014'),
 (2135,4,'M',3,1,NULL,37,22,'2/2014'),
 (2136,4,'N',1,1,NULL,36,22,'2/2014'),
 (2137,4,'N',2,1,NULL,36,22,'2/2014'),
 (2138,5,'M',3,23,NULL,14,22,'2/2014'),
 (2139,5,'N',1,25,NULL,65,22,'2/2014'),
 (2140,5,'N',2,25,NULL,65,22,'2/2014'),
 (2141,6,'M',1,1,NULL,35,22,'2/2014'),
 (2142,6,'M',2,1,NULL,35,22,'2/2014'),
 (2143,1,'M',1,1,NULL,35,23,'2/2014'),
 (2144,1,'N',1,1,NULL,39,23,'2/2014'),
 (2145,1,'N',2,1,NULL,39,23,'2/2014'),
 (2146,2,'M',1,1,NULL,35,23,'2/2014'),
 (2147,2,'M',2,1,NULL,35,23,'2/2014'),
 (2148,2,'N',1,1,NULL,39,23,'2/2014'),
 (2149,2,'N',2,1,NULL,39,23,'2/2014'),
 (2150,3,'N',1,25,NULL,65,23,'2/2014'),
 (2151,3,'N',2,25,NULL,65,23,'2/2014'),
 (2152,4,'M',2,1,NULL,36,23,'2/2014'),
 (2153,4,'M',3,1,NULL,36,23,'2/2014'),
 (2154,4,'N',1,1,NULL,35,23,'2/2014'),
 (2155,4,'N',2,1,NULL,35,23,'2/2014'),
 (2156,5,'M',1,1,NULL,39,23,'2/2014'),
 (2157,5,'M',2,1,NULL,39,23,'2/2014'),
 (2158,5,'N',1,1,NULL,126,23,'2/2014'),
 (2159,5,'N',2,1,NULL,126,23,'2/2014'),
 (2160,6,'M',1,27,NULL,NULL,23,'2/2014'),
 (2161,6,'M',2,27,NULL,NULL,23,'2/2014'),
 (2162,6,'T',1,27,NULL,NULL,23,'2/2014'),
 (2163,1,'N',1,25,178,NULL,24,'2/2014'),
 (2164,1,'N',2,25,178,NULL,24,'2/2014'),
 (2165,2,'N',1,25,178,NULL,24,'2/2014'),
 (2166,2,'N',2,25,178,NULL,24,'2/2014'),
 (2167,3,'N',1,25,178,NULL,24,'2/2014'),
 (2168,3,'N',2,25,178,NULL,24,'2/2014'),
 (2169,4,'N',1,25,178,NULL,24,'2/2014'),
 (2170,4,'N',2,25,178,NULL,24,'2/2014'),
 (2171,5,'N',1,25,NULL,53,24,'2/2014'),
 (2172,5,'N',2,25,NULL,122,24,'2/2014'),
 (2173,1,'N',1,20,NULL,117,25,'2/2014'),
 (2174,1,'N',2,20,NULL,NULL,25,'2/2014'),
 (2175,2,'N',1,20,NULL,NULL,25,'2/2014'),
 (2176,2,'N',2,20,NULL,87,25,'2/2014'),
 (2177,3,'N',1,20,NULL,84,25,'2/2014'),
 (2178,4,'N',1,20,NULL,55,25,'2/2014'),
 (2179,5,'M',1,20,NULL,120,25,'2/2014'),
 (2180,5,'M',2,20,NULL,120,25,'2/2014'),
 (2181,5,'N',1,20,NULL,117,25,'2/2014'),
 (2182,5,'N',2,20,NULL,55,25,'2/2014'),
 (2183,6,'M',1,20,NULL,120,25,'2/2014'),
 (2184,6,'M',2,20,NULL,NULL,25,'2/2014'),
 (2185,1,'N',1,9,NULL,97,26,'2/2014'),
 (2186,1,'N',2,9,NULL,NULL,26,'2/2014'),
 (2187,2,'N',1,9,NULL,NULL,26,'2/2014'),
 (2188,2,'N',2,9,NULL,NULL,26,'2/2014'),
 (2189,3,'N',1,9,NULL,NULL,26,'2/2014'),
 (2190,3,'N',2,9,NULL,NULL,26,'2/2014'),
 (2191,4,'M',3,9,NULL,131,26,'2/2014'),
 (2192,4,'N',1,9,NULL,131,26,'2/2014'),
 (2193,4,'N',2,9,NULL,89,26,'2/2014'),
 (2194,5,'M',2,9,NULL,21,26,'2/2014'),
 (2195,5,'N',1,9,NULL,28,26,'2/2014'),
 (2196,5,'N',2,9,NULL,95,26,'2/2014'),
 (2197,6,'M',1,9,NULL,NULL,26,'2/2014'),
 (2198,6,'M',2,9,NULL,NULL,26,'2/2014'),
 (2199,6,'T',1,9,NULL,NULL,26,'2/2014'),
 (2200,1,'N',1,9,NULL,28,27,'2/2014'),
 (2201,1,'N',2,9,NULL,94,27,'2/2014'),
 (2202,2,'N',1,9,NULL,NULL,27,'2/2014'),
 (2203,2,'N',2,30,NULL,92,27,'2/2014'),
 (2204,2,'N',3,30,NULL,92,27,'2/2014'),
 (2205,3,'M',2,9,NULL,NULL,27,'2/2014'),
 (2206,3,'N',1,9,NULL,96,27,'2/2014'),
 (2207,3,'N',2,9,NULL,96,27,'2/2014'),
 (2208,4,'N',1,22,NULL,NULL,27,'2/2014'),
 (2209,4,'N',2,9,NULL,NULL,27,'2/2014'),
 (2210,5,'N',1,9,NULL,89,27,'2/2014'),
 (2211,5,'N',2,9,NULL,89,27,'2/2014'),
 (2212,6,'M',1,9,NULL,NULL,27,'2/2014'),
 (2213,6,'M',2,9,NULL,NULL,27,'2/2014'),
 (2214,6,'T',1,9,NULL,NULL,27,'2/2014'),
 (2215,1,'M',1,9,NULL,22,28,'2/2014'),
 (2216,1,'N',2,9,NULL,95,28,'2/2014'),
 (2217,2,'M',2,9,NULL,96,28,'2/2014'),
 (2218,2,'N',1,9,NULL,22,28,'2/2014'),
 (2219,2,'N',2,9,NULL,22,28,'2/2014'),
 (2220,3,'M',1,23,NULL,19,28,'2/2014'),
 (2221,3,'M',2,9,NULL,NULL,28,'2/2014'),
 (2222,3,'M',3,9,NULL,95,28,'2/2014'),
 (2223,3,'N',1,9,NULL,99,28,'2/2014'),
 (2224,3,'N',2,9,NULL,99,28,'2/2014'),
 (2225,4,'M',2,9,NULL,131,28,'2/2014'),
 (2226,4,'N',1,9,NULL,99,28,'2/2014'),
 (2227,4,'N',2,9,NULL,99,28,'2/2014'),
 (2228,5,'M',3,9,NULL,22,28,'2/2014'),
 (2229,5,'N',1,9,NULL,NULL,28,'2/2014'),
 (2230,5,'N',2,9,NULL,NULL,28,'2/2014'),
 (2231,6,'M',2,9,NULL,97,28,'2/2014'),
 (2232,6,'M',3,9,NULL,97,28,'2/2014'),
 (2233,6,'T',1,9,NULL,97,28,'2/2014'),
 (2234,1,'N',1,13,NULL,129,29,'2/2014'),
 (2235,1,'N',2,13,NULL,129,29,'2/2014'),
 (2236,2,'N',1,13,NULL,66,29,'2/2014'),
 (2237,2,'N',2,13,NULL,66,29,'2/2014'),
 (2238,3,'N',1,13,NULL,101,29,'2/2014'),
 (2239,3,'N',2,13,NULL,101,29,'2/2014'),
 (2240,4,'N',1,13,NULL,42,29,'2/2014'),
 (2241,4,'N',2,13,NULL,42,29,'2/2014'),
 (2242,5,'N',1,13,NULL,129,29,'2/2014'),
 (2243,5,'N',2,13,NULL,129,29,'2/2014'),
 (2244,5,'M',1,28,NULL,NULL,29,'2/2014'),
 (2245,1,'M',3,20,NULL,82,30,'2/2014'),
 (2246,1,'N',1,20,NULL,81,30,'2/2014'),
 (2247,1,'N',2,20,NULL,81,30,'2/2014'),
 (2248,2,'M',1,20,NULL,84,30,'2/2014'),
 (2249,2,'N',1,20,NULL,82,30,'2/2014'),
 (2250,2,'N',2,20,NULL,82,30,'2/2014'),
 (2251,3,'N',1,20,NULL,88,30,'2/2014'),
 (2252,3,'N',2,20,NULL,83,30,'2/2014'),
 (2253,4,'M',1,20,NULL,99,30,'2/2014'),
 (2254,4,'M',2,20,NULL,99,30,'2/2014'),
 (2255,4,'N',1,20,NULL,84,30,'2/2014'),
 (2256,4,'N',2,20,NULL,84,30,'2/2014'),
 (2257,5,'N',1,20,NULL,81,30,'2/2014'),
 (2258,5,'N',2,20,NULL,81,30,'2/2014'),
 (2259,6,'M',1,20,NULL,84,30,'2/2014'),
 (2260,6,'M',2,20,NULL,84,30,'2/2014'),
 (2261,3,'N',1,25,NULL,107,32,'2/2014'),
 (2262,3,'N',2,25,NULL,107,32,'2/2014'),
 (2263,5,'N',1,25,NULL,99,32,'2/2014'),
 (2264,5,'N',2,25,NULL,99,32,'2/2014'),
 (2265,2,'N',1,25,NULL,NULL,33,'2/2014'),
 (2266,2,'N',2,25,NULL,NULL,33,'2/2014'),
 (2267,3,'N',1,25,NULL,NULL,33,'2/2014'),
 (2268,3,'N',2,25,NULL,NULL,33,'2/2014'),
 (2269,4,'N',1,25,NULL,NULL,33,'2/2014'),
 (2270,4,'N',2,25,NULL,NULL,33,'2/2014'),
 (2271,5,'N',1,25,NULL,12,33,'2/2014'),
 (2272,5,'N',2,25,NULL,12,33,'2/2014'),
 (2273,1,'M',1,25,147,68,20,'2/2016'),
 (2274,1,'M',2,25,147,68,20,'2/2016'),
 (2275,1,'M',3,25,147,68,20,'2/2016'),
 (2276,1,'N',2,5,NULL,1,1,'1/2016'),
 (2277,2,'N',1,5,NULL,1,1,'1/2016'),
 (2278,2,'N',2,5,NULL,5,1,'1/2016'),
 (2279,3,'N',1,5,NULL,NULL,1,'1/2016'),
 (2280,3,'N',2,5,NULL,1,1,'1/2016'),
 (2281,4,'N',1,24,NULL,NULL,1,'1/2016'),
 (2282,4,'N',2,24,NULL,NULL,1,'1/2016'),
 (2283,5,'N',1,5,NULL,5,1,'1/2016'),
 (2284,5,'N',2,5,NULL,124,1,'1/2016'),
 (2285,1,'N',1,5,NULL,1,2,'1/2016'),
 (2286,1,'N',2,5,NULL,7,2,'1/2016'),
 (2287,2,'N',1,5,NULL,97,2,'1/2016'),
 (2288,2,'N',2,5,NULL,NULL,2,'1/2016'),
 (2289,3,'N',1,5,NULL,8,2,'1/2016'),
 (2290,3,'N',2,5,NULL,8,2,'1/2016'),
 (2291,4,'N',1,5,NULL,3,2,'1/2016'),
 (2292,4,'N',2,5,NULL,2,2,'1/2016'),
 (2293,5,'N',1,5,NULL,9,2,'1/2016'),
 (2294,5,'N',2,5,NULL,8,2,'1/2016'),
 (2295,1,'N',1,1,NULL,56,3,'1/2016'),
 (2296,1,'N',2,1,NULL,56,3,'1/2016'),
 (2297,2,'N',1,17,NULL,11,3,'1/2016'),
 (2298,3,'N',1,24,NULL,NULL,3,'1/2016'),
 (2299,3,'N',2,24,NULL,NULL,3,'1/2016'),
 (2300,1,'N',1,25,NULL,51,15,'1/2016'),
 (2301,1,'N',2,25,NULL,51,15,'1/2016'),
 (2302,1,'M',1,25,NULL,99,16,'1/2016'),
 (2303,2,'M',1,25,NULL,58,16,'1/2016'),
 (2304,4,'N',1,25,NULL,13,3,'1/2016'),
 (2305,4,'N',2,25,NULL,13,3,'1/2016'),
 (2306,5,'N',1,25,NULL,1,3,'1/2016'),
 (2307,2,'M',2,25,NULL,58,16,'1/2016'),
 (2308,5,'N',2,17,NULL,43,3,'1/2016'),
 (2309,3,'M',1,25,NULL,71,16,'1/2016'),
 (2310,2,'N',1,25,NULL,7,4,'1/2016'),
 (2311,2,'N',2,25,NULL,7,4,'1/2016'),
 (2312,3,'M',2,25,NULL,71,16,'1/2016'),
 (2313,3,'N',1,24,NULL,NULL,4,'1/2016'),
 (2314,3,'N',2,24,NULL,NULL,4,'1/2016'),
 (2315,4,'N',1,25,NULL,16,4,'1/2016'),
 (2316,4,'N',2,25,NULL,16,4,'1/2016'),
 (2317,4,'M',1,25,NULL,53,16,'1/2016'),
 (2318,5,'N',1,25,NULL,61,4,'1/2016'),
 (2319,5,'N',2,25,NULL,61,4,'1/2016'),
 (2320,4,'M',2,25,NULL,53,16,'1/2016'),
 (2321,5,'M',1,25,NULL,71,16,'1/2016'),
 (2322,5,'M',2,25,NULL,71,16,'1/2016'),
 (2323,1,'N',2,30,NULL,92,34,'1/2016'),
 (2324,2,'N',1,24,NULL,NULL,34,'1/2016'),
 (2325,2,'N',2,24,NULL,NULL,34,'1/2016'),
 (2326,6,'M',1,25,NULL,122,16,'1/2016'),
 (2327,3,'N',1,23,NULL,131,34,'1/2016'),
 (2328,3,'N',2,23,NULL,131,34,'1/2016'),
 (2329,6,'M',2,25,NULL,122,16,'1/2016'),
 (2330,1,'M',1,13,NULL,66,19,'1/2016'),
 (2331,2,'M',1,25,NULL,52,19,'1/2016'),
 (2332,2,'M',2,25,NULL,52,19,'1/2016'),
 (2333,3,'M',1,25,NULL,58,19,'1/2016'),
 (2334,3,'M',2,25,NULL,58,19,'1/2016'),
 (2335,4,'M',1,25,NULL,58,19,'1/2016'),
 (2336,4,'M',2,25,NULL,58,19,'1/2016'),
 (2337,5,'M',1,25,NULL,58,19,'1/2016'),
 (2338,5,'M',2,25,NULL,58,19,'1/2016'),
 (2339,6,'M',1,1,NULL,36,19,'1/2016'),
 (2340,6,'M',2,1,NULL,36,19,'1/2016'),
 (2344,5,'N',1,23,NULL,131,34,'1/2016'),
 (2347,6,'M',1,25,NULL,117,6,'1/2016'),
 (2348,6,'M',2,25,NULL,NULL,6,'1/2016'),
 (2349,1,'M',1,1,NULL,35,22,'1/2016'),
 (2350,4,'M',2,1,NULL,36,22,'1/2016'),
 (2351,6,'M',1,1,NULL,35,22,'1/2016'),
 (2352,6,'M',2,1,NULL,35,22,'1/2016'),
 (2353,4,'N',1,20,NULL,135,34,'1/2016'),
 (2354,4,'N',2,20,NULL,135,34,'1/2016'),
 (2355,4,'M',2,1,NULL,37,23,'1/2016'),
 (2356,5,'N',2,23,NULL,131,34,'1/2016'),
 (2357,1,'N',1,23,NULL,19,5,'1/2016'),
 (2358,1,'N',2,23,NULL,19,5,'1/2016'),
 (2359,5,'M',1,1,NULL,39,23,'1/2016'),
 (2360,2,'N',1,23,NULL,20,5,'1/2016'),
 (2361,2,'N',2,23,NULL,20,5,'1/2016'),
 (2362,3,'N',1,23,NULL,20,5,'1/2016'),
 (2363,3,'N',2,23,NULL,20,5,'1/2016'),
 (2364,4,'N',1,23,NULL,21,5,'1/2016'),
 (2365,4,'N',2,23,NULL,22,5,'1/2016'),
 (2366,5,'N',1,23,NULL,23,5,'1/2016'),
 (2367,5,'N',2,23,NULL,23,5,'1/2016'),
 (2368,6,'M',1,28,NULL,NULL,23,'1/2016'),
 (2369,6,'M',2,28,NULL,NULL,23,'1/2016'),
 (2370,6,'T',1,28,NULL,NULL,23,'1/2016'),
 (2371,6,'M',1,25,NULL,83,32,'1/2016'),
 (2372,6,'M',2,25,NULL,83,32,'1/2016'),
 (2373,4,'M',1,5,NULL,8,2,'1/2016'),
 (2374,4,'M',2,5,NULL,8,2,'1/2016'),
 (2375,6,'M',1,5,NULL,NULL,2,'1/2016'),
 (2376,6,'M',2,5,NULL,NULL,2,'1/2016'),
 (2377,4,'M',1,5,NULL,4,1,'1/2016'),
 (2378,4,'M',2,5,NULL,2,1,'1/2016'),
 (2379,5,'M',1,5,NULL,8,1,'1/2016'),
 (2380,5,'M',2,5,NULL,8,1,'1/2016'),
 (2381,1,'N',1,25,NULL,24,6,'1/2016'),
 (2382,1,'N',2,25,NULL,24,6,'1/2016'),
 (2383,6,'M',1,5,NULL,NULL,1,'1/2016'),
 (2384,2,'N',1,25,NULL,25,6,'1/2016'),
 (2385,2,'N',2,25,NULL,25,6,'1/2016'),
 (2386,6,'M',2,5,NULL,NULL,1,'1/2016'),
 (2387,3,'N',1,25,NULL,24,6,'1/2016'),
 (2388,3,'N',2,25,NULL,24,6,'1/2016'),
 (2389,4,'N',1,25,NULL,7,6,'1/2016'),
 (2390,4,'N',2,25,NULL,7,6,'1/2016'),
 (2391,5,'N',1,25,NULL,26,6,'1/2016'),
 (2392,5,'N',2,25,NULL,26,6,'1/2016'),
 (2393,1,'N',1,24,NULL,NULL,7,'1/2016'),
 (2394,1,'N',2,24,NULL,NULL,7,'1/2016'),
 (2395,2,'N',1,1,NULL,35,7,'1/2016'),
 (2396,2,'N',2,1,NULL,35,7,'1/2016'),
 (2397,3,'N',1,24,NULL,NULL,7,'1/2016'),
 (2398,3,'N',2,24,NULL,NULL,7,'1/2016'),
 (2399,4,'N',1,24,NULL,NULL,7,'1/2016'),
 (2400,4,'N',2,24,NULL,NULL,7,'1/2016'),
 (2401,6,'M',1,25,NULL,15,4,'1/2016'),
 (2402,5,'N',1,25,NULL,75,7,'1/2016'),
 (2403,5,'N',2,25,NULL,75,7,'1/2016'),
 (2404,6,'M',2,25,NULL,15,4,'1/2016'),
 (2405,1,'N',1,25,NULL,27,8,'1/2016'),
 (2406,1,'N',2,25,NULL,27,8,'1/2016'),
 (2407,2,'N',1,25,NULL,28,8,'1/2016'),
 (2408,2,'N',2,25,NULL,28,8,'1/2016'),
 (2409,3,'N',1,25,NULL,26,8,'1/2016'),
 (2410,3,'N',2,25,NULL,26,8,'1/2016'),
 (2411,4,'N',1,25,NULL,27,8,'1/2016'),
 (2412,4,'N',2,25,NULL,27,8,'1/2016'),
 (2413,5,'N',1,25,NULL,47,8,'1/2016'),
 (2414,5,'N',2,25,NULL,47,8,'1/2016'),
 (2416,1,'N',1,16,NULL,NULL,9,'1/2016'),
 (2417,1,'N',2,16,NULL,NULL,9,'1/2016'),
 (2419,2,'N',1,16,NULL,NULL,9,'1/2016'),
 (2420,2,'N',2,16,NULL,NULL,9,'1/2016'),
 (2421,3,'N',1,13,NULL,34,9,'1/2016'),
 (2422,3,'N',2,13,NULL,34,9,'1/2016'),
 (2423,4,'N',1,16,NULL,NULL,9,'1/2016'),
 (2424,4,'N',2,16,NULL,NULL,9,'1/2016'),
 (2425,5,'N',1,16,NULL,25,9,'1/2016'),
 (2426,5,'N',2,16,NULL,25,9,'1/2016'),
 (2427,2,'M',2,23,NULL,89,5,'1/2016'),
 (2428,1,'N',1,24,NULL,NULL,10,'1/2016'),
 (2429,1,'N',2,24,NULL,NULL,10,'1/2016'),
 (2430,2,'M',3,23,NULL,20,5,'1/2016'),
 (2431,2,'N',1,25,NULL,12,10,'1/2016'),
 (2432,2,'N',2,25,NULL,12,10,'1/2016'),
 (2433,3,'N',1,1,NULL,35,10,'1/2016'),
 (2434,3,'N',2,1,NULL,35,10,'1/2016'),
 (2435,3,'M',2,23,NULL,NULL,5,'1/2016'),
 (2436,4,'N',1,1,NULL,10,10,'1/2016'),
 (2437,4,'N',2,1,NULL,10,10,'1/2016'),
 (2438,5,'N',1,24,NULL,NULL,10,'1/2016'),
 (2439,5,'N',2,24,NULL,NULL,10,'1/2016'),
 (2440,4,'M',2,23,NULL,21,5,'1/2016'),
 (2441,1,'N',1,1,NULL,37,11,'1/2016'),
 (2442,1,'N',2,1,NULL,37,11,'1/2016'),
 (2443,2,'N',1,1,NULL,37,11,'1/2016'),
 (2444,2,'N',2,1,NULL,37,11,'1/2016'),
 (2445,3,'N',1,1,NULL,38,11,'1/2016'),
 (2446,3,'N',2,1,NULL,38,11,'1/2016'),
 (2447,4,'N',1,25,NULL,28,11,'1/2016'),
 (2448,4,'N',2,25,NULL,28,11,'1/2016'),
 (2449,5,'N',1,1,NULL,36,11,'1/2016'),
 (2450,5,'N',2,1,NULL,36,11,'1/2016'),
 (2451,1,'N',1,25,NULL,40,12,'1/2016'),
 (2452,1,'N',2,25,NULL,40,12,'1/2016'),
 (2453,2,'N',1,25,NULL,40,12,'1/2016'),
 (2454,2,'N',2,25,NULL,40,12,'1/2016'),
 (2455,3,'N',1,25,NULL,41,12,'1/2016'),
 (2456,3,'N',2,25,NULL,41,12,'1/2016'),
 (2457,4,'N',1,25,NULL,40,12,'1/2016'),
 (2458,2,'M',1,25,NULL,24,6,'1/2016'),
 (2459,4,'N',2,25,NULL,40,12,'1/2016'),
 (2460,2,'M',2,25,NULL,24,6,'1/2016'),
 (2461,5,'N',1,25,NULL,40,12,'1/2016'),
 (2462,5,'N',2,25,NULL,40,12,'1/2016'),
 (2463,1,'N',1,25,NULL,26,13,'1/2016'),
 (2464,1,'N',2,25,NULL,26,13,'1/2016'),
 (2465,4,'M',1,25,NULL,24,6,'1/2016'),
 (2466,2,'N',1,25,NULL,27,13,'1/2016'),
 (2467,2,'N',2,25,NULL,27,13,'1/2016'),
 (2468,4,'M',2,25,NULL,24,6,'1/2016'),
 (2469,3,'N',1,13,NULL,65,13,'1/2016'),
 (2470,3,'N',2,13,NULL,65,13,'1/2016'),
 (2471,4,'N',1,13,NULL,31,13,'1/2016'),
 (2472,4,'N',2,13,NULL,31,13,'1/2016'),
 (2473,5,'N',1,13,NULL,42,13,'1/2016'),
 (2474,5,'N',2,13,NULL,42,13,'1/2016'),
 (2475,1,'N',1,25,NULL,46,14,'1/2016'),
 (2476,1,'N',2,25,NULL,46,14,'1/2016'),
 (2477,2,'N',1,25,NULL,17,14,'1/2016'),
 (2478,2,'N',2,25,NULL,17,14,'1/2016'),
 (2479,3,'N',1,25,NULL,46,14,'1/2016'),
 (2480,3,'N',2,25,NULL,46,14,'1/2016'),
 (2481,4,'N',1,25,NULL,46,14,'1/2016'),
 (2482,6,'M',1,28,NULL,NULL,8,'1/2016'),
 (2483,6,'M',2,28,NULL,NULL,8,'1/2016'),
 (2484,6,'T',1,28,NULL,NULL,8,'1/2016'),
 (2485,6,'M',1,25,NULL,29,9,'1/2016'),
 (2486,6,'M',2,25,NULL,29,9,'1/2016'),
 (2487,4,'N',2,25,NULL,46,14,'1/2016'),
 (2488,6,'M',1,25,NULL,113,10,'1/2016'),
 (2489,5,'N',1,25,NULL,46,14,'1/2016'),
 (2490,5,'N',2,25,NULL,46,14,'1/2016'),
 (2491,6,'M',2,25,NULL,113,10,'1/2016'),
 (2492,2,'N',1,25,NULL,50,15,'1/2016'),
 (2493,2,'N',2,25,NULL,50,15,'1/2016'),
 (2494,3,'N',1,25,NULL,49,15,'1/2016'),
 (2495,6,'M',1,1,NULL,37,11,'1/2016'),
 (2496,3,'N',2,25,NULL,49,15,'1/2016'),
 (2497,4,'N',1,25,NULL,82,15,'1/2016'),
 (2498,6,'M',2,1,NULL,37,11,'1/2016'),
 (2499,4,'N',2,25,NULL,82,15,'1/2016'),
 (2500,5,'N',1,25,NULL,29,15,'1/2016'),
 (2501,5,'N',2,25,NULL,29,15,'1/2016'),
 (2502,1,'N',1,25,NULL,52,16,'1/2016'),
 (2503,1,'N',2,25,NULL,52,16,'1/2016'),
 (2504,2,'N',1,25,NULL,41,16,'1/2016'),
 (2505,6,'M',1,25,NULL,40,12,'1/2016'),
 (2506,2,'N',2,25,NULL,41,16,'1/2016'),
 (2507,6,'M',2,25,NULL,40,12,'1/2016'),
 (2508,3,'N',1,25,NULL,52,16,'1/2016'),
 (2509,3,'N',2,25,NULL,52,16,'1/2016'),
 (2510,4,'N',1,25,NULL,122,16,'1/2016'),
 (2511,4,'N',2,25,NULL,122,16,'1/2016'),
 (2512,5,'N',1,25,NULL,122,16,'1/2016'),
 (2513,5,'N',2,25,NULL,122,16,'1/2016'),
 (2514,1,'N',1,25,NULL,28,17,'1/2016'),
 (2515,1,'N',2,25,NULL,28,17,'1/2016'),
 (2516,5,'M',1,13,NULL,18,13,'1/2016'),
 (2517,2,'N',1,1,NULL,54,17,'1/2016'),
 (2518,2,'N',2,1,NULL,54,17,'1/2016'),
 (2519,5,'M',2,13,NULL,120,13,'1/2016'),
 (2520,3,'N',1,24,NULL,NULL,17,'1/2016'),
 (2521,3,'N',2,24,NULL,NULL,17,'1/2016'),
 (2522,4,'N',1,20,NULL,55,17,'1/2016'),
 (2523,4,'N',2,20,NULL,55,17,'1/2016'),
 (2524,5,'N',1,1,NULL,37,17,'1/2016'),
 (2525,5,'N',2,1,NULL,37,17,'1/2016'),
 (2526,6,'M',2,27,NULL,NULL,13,'1/2016'),
 (2527,1,'N',1,25,NULL,78,18,'1/2016'),
 (2528,1,'N',2,25,NULL,78,18,'1/2016'),
 (2529,2,'N',1,16,NULL,59,18,'1/2016'),
 (2530,2,'N',2,16,NULL,59,18,'1/2016'),
 (2531,6,'T',1,27,NULL,NULL,13,'1/2016'),
 (2532,3,'N',1,16,NULL,59,18,'1/2016'),
 (2533,3,'N',2,16,NULL,59,18,'1/2016'),
 (2534,4,'N',1,16,NULL,NULL,18,'1/2016'),
 (2535,4,'N',2,16,NULL,NULL,18,'1/2016'),
 (2536,5,'N',1,25,NULL,71,18,'1/2016'),
 (2537,5,'N',2,25,NULL,71,18,'1/2016'),
 (2538,6,'M',1,29,NULL,NULL,14,'1/2016'),
 (2539,6,'M',2,29,NULL,NULL,14,'1/2016'),
 (2540,1,'N',1,13,NULL,34,19,'1/2016'),
 (2541,1,'N',2,13,NULL,34,19,'1/2016'),
 (2542,2,'N',1,16,NULL,66,19,'1/2016'),
 (2543,2,'N',2,16,NULL,66,19,'1/2016'),
 (2544,3,'N',1,13,NULL,31,19,'1/2016'),
 (2545,3,'N',2,13,NULL,31,19,'1/2016'),
 (2546,4,'N',1,16,NULL,25,19,'1/2016'),
 (2547,4,'N',2,13,NULL,63,19,'1/2016'),
 (2548,5,'N',1,13,NULL,31,19,'1/2016'),
 (2549,5,'N',2,13,NULL,31,19,'1/2016'),
 (2550,6,'M',1,28,NULL,NULL,15,'1/2016'),
 (2551,6,'M',2,28,NULL,NULL,15,'1/2016'),
 (2552,1,'N',1,25,NULL,67,20,'1/2016'),
 (2553,6,'T',1,28,NULL,NULL,15,'1/2016'),
 (2554,1,'N',2,25,NULL,67,20,'1/2016'),
 (2555,2,'N',1,25,NULL,67,20,'1/2016'),
 (2556,2,'N',2,25,NULL,67,20,'1/2016'),
 (2557,3,'N',1,24,NULL,NULL,20,'1/2016'),
 (2558,3,'N',2,24,NULL,NULL,20,'1/2016'),
 (2559,4,'N',1,25,NULL,67,20,'1/2016'),
 (2560,4,'N',2,25,NULL,67,20,'1/2016'),
 (2561,5,'N',1,24,NULL,NULL,20,'1/2016'),
 (2562,5,'N',2,24,NULL,NULL,20,'1/2016'),
 (2563,2,'N',1,25,NULL,11,21,'1/2016'),
 (2564,2,'N',2,25,NULL,11,21,'1/2016'),
 (2565,3,'N',1,25,NULL,11,21,'1/2016'),
 (2566,3,'N',2,25,NULL,11,21,'1/2016'),
 (2567,4,'N',1,25,NULL,11,21,'1/2016'),
 (2568,4,'N',2,25,NULL,11,21,'1/2016'),
 (2569,5,'N',1,25,NULL,11,21,'1/2016'),
 (2570,5,'N',2,25,NULL,11,21,'1/2016'),
 (2571,1,'N',1,13,NULL,82,22,'1/2016'),
 (2572,1,'M',1,1,NULL,37,17,'1/2016'),
 (2573,1,'N',2,13,NULL,82,22,'1/2016'),
 (2574,2,'N',1,25,NULL,71,22,'1/2016'),
 (2575,2,'N',2,25,NULL,71,22,'1/2016'),
 (2576,3,'N',1,1,NULL,36,22,'1/2016'),
 (2577,3,'N',2,1,NULL,36,22,'1/2016'),
 (2578,3,'M',2,1,NULL,54,17,'1/2016'),
 (2579,4,'N',1,1,NULL,36,22,'1/2016'),
 (2580,4,'N',2,1,NULL,36,22,'1/2016'),
 (2581,5,'N',1,13,NULL,66,22,'1/2016'),
 (2582,5,'N',2,13,NULL,66,22,'1/2016'),
 (2583,1,'N',1,1,NULL,39,23,'1/2016'),
 (2584,5,'M',1,17,NULL,43,17,'1/2016'),
 (2585,1,'N',2,1,NULL,39,23,'1/2016'),
 (2586,2,'N',1,1,NULL,39,23,'1/2016'),
 (2587,2,'N',2,1,NULL,39,23,'1/2016'),
 (2588,5,'M',2,23,NULL,14,17,'1/2016'),
 (2589,3,'N',1,1,NULL,39,23,'1/2016'),
 (2590,3,'N',2,1,NULL,39,23,'1/2016'),
 (2591,4,'N',1,1,NULL,35,23,'1/2016'),
 (2592,4,'N',2,1,NULL,35,23,'1/2016'),
 (2593,5,'N',1,1,NULL,39,23,'1/2016'),
 (2594,6,'M',1,20,NULL,117,17,'1/2016'),
 (2595,5,'N',2,1,NULL,39,23,'1/2016'),
 (2596,6,'M',2,20,NULL,117,17,'1/2016'),
 (2597,2,'N',1,25,NULL,76,24,'1/2016'),
 (2598,2,'N',2,25,NULL,79,24,'1/2016'),
 (2599,3,'N',1,25,NULL,122,24,'1/2016'),
 (2600,3,'N',2,25,NULL,122,24,'1/2016'),
 (2601,4,'N',1,25,NULL,76,24,'1/2016'),
 (2602,4,'N',2,25,NULL,77,24,'1/2016'),
 (2603,2,'M',1,1,NULL,35,18,'1/2016'),
 (2604,5,'N',1,23,NULL,14,24,'1/2016'),
 (2605,5,'N',2,23,NULL,14,24,'1/2016'),
 (2606,6,'M',1,25,NULL,61,18,'1/2016'),
 (2607,1,'N',1,20,NULL,88,25,'1/2016'),
 (2608,1,'N',2,20,NULL,83,25,'1/2016'),
 (2609,6,'M',2,25,NULL,61,18,'1/2016'),
 (2610,2,'N',1,20,NULL,83,25,'1/2016'),
 (2611,2,'N',2,20,NULL,83,25,'1/2016'),
 (2612,3,'N',1,20,NULL,3,25,'1/2016'),
 (2613,3,'N',2,20,NULL,3,25,'1/2016'),
 (2614,4,'N',1,24,NULL,NULL,25,'1/2016'),
 (2615,4,'N',2,24,NULL,NULL,25,'1/2016'),
 (2616,5,'N',1,20,NULL,55,25,'1/2016'),
 (2617,5,'N',2,20,NULL,117,25,'1/2016'),
 (2618,6,'M',1,25,NULL,11,20,'1/2016'),
 (2619,1,'N',1,9,NULL,NULL,26,'1/2016'),
 (2620,1,'N',2,9,NULL,NULL,26,'1/2016'),
 (2621,6,'M',2,25,NULL,11,20,'1/2016'),
 (2622,2,'N',1,9,NULL,22,26,'1/2016'),
 (2623,2,'N',2,9,NULL,22,26,'1/2016'),
 (2624,3,'N',1,9,NULL,96,26,'1/2016'),
 (2625,3,'N',2,9,NULL,96,26,'1/2016'),
 (2626,4,'N',1,9,NULL,89,26,'1/2016'),
 (2627,4,'N',2,9,NULL,89,26,'1/2016'),
 (2628,5,'N',1,9,NULL,97,26,'1/2016'),
 (2629,5,'N',2,9,NULL,97,26,'1/2016'),
 (2630,1,'M',1,17,NULL,11,21,'1/2016'),
 (2631,1,'N',1,9,NULL,NULL,27,'1/2016'),
 (2632,1,'N',2,9,NULL,NULL,27,'1/2016'),
 (2633,2,'N',1,9,NULL,94,27,'1/2016'),
 (2634,2,'N',2,9,NULL,94,27,'1/2016'),
 (2635,4,'M',1,25,NULL,11,21,'1/2016'),
 (2636,3,'N',1,9,NULL,93,27,'1/2016'),
 (2637,3,'N',2,9,NULL,93,27,'1/2016'),
 (2638,4,'M',2,25,NULL,11,21,'1/2016'),
 (2639,4,'N',1,9,NULL,96,27,'1/2016'),
 (2640,4,'N',2,9,NULL,96,27,'1/2016'),
 (2641,5,'N',1,9,NULL,99,27,'1/2016'),
 (2642,5,'N',2,9,NULL,99,27,'1/2016'),
 (2643,6,'M',1,25,NULL,119,21,'1/2016'),
 (2644,6,'M',2,25,NULL,119,21,'1/2016'),
 (2645,1,'N',1,9,NULL,97,28,'1/2016'),
 (2646,1,'N',2,9,NULL,97,28,'1/2016'),
 (2647,2,'N',1,9,NULL,134,28,'1/2016'),
 (2648,2,'N',2,9,NULL,134,28,'1/2016'),
 (2649,3,'N',1,9,NULL,99,28,'1/2016'),
 (2650,3,'N',2,9,NULL,99,28,'1/2016'),
 (2651,4,'N',1,9,NULL,99,28,'1/2016'),
 (2652,4,'N',2,9,NULL,99,28,'1/2016'),
 (2653,5,'N',1,9,NULL,95,28,'1/2016'),
 (2654,5,'N',2,9,NULL,95,28,'1/2016'),
 (2655,2,'M',1,25,NULL,76,24,'1/2016'),
 (2656,2,'M',2,25,NULL,76,24,'1/2016'),
 (2657,1,'N',1,13,NULL,103,29,'1/2016'),
 (2658,3,'M',1,25,NULL,76,24,'1/2016'),
 (2659,1,'N',2,13,NULL,NULL,29,'1/2016'),
 (2660,3,'M',2,25,NULL,76,24,'1/2016'),
 (2661,2,'N',1,13,NULL,101,29,'1/2016'),
 (2662,2,'N',2,13,NULL,101,29,'1/2016'),
 (2663,3,'N',1,13,NULL,100,29,'1/2016'),
 (2664,6,'M',1,25,NULL,76,24,'1/2016'),
 (2665,3,'N',2,13,NULL,100,29,'1/2016'),
 (2666,4,'N',1,13,NULL,43,29,'1/2016'),
 (2667,4,'N',2,13,NULL,43,29,'1/2016'),
 (2668,6,'M',2,25,NULL,79,24,'1/2016'),
 (2669,5,'N',1,13,NULL,129,29,'1/2016'),
 (2670,5,'N',2,13,NULL,129,29,'1/2016'),
 (2671,6,'M',1,20,NULL,14,25,'1/2016'),
 (2672,1,'N',1,20,NULL,81,30,'1/2016'),
 (2673,1,'N',2,20,NULL,81,30,'1/2016'),
 (2674,6,'M',2,20,NULL,88,25,'1/2016'),
 (2675,2,'N',1,20,NULL,82,30,'1/2016'),
 (2676,2,'N',2,20,NULL,82,30,'1/2016'),
 (2677,3,'N',1,20,NULL,NULL,30,'1/2016'),
 (2678,3,'N',2,20,NULL,84,30,'1/2016'),
 (2679,4,'N',1,20,NULL,84,30,'1/2016'),
 (2680,4,'N',2,20,NULL,84,30,'1/2016'),
 (2681,5,'N',1,20,NULL,81,30,'1/2016'),
 (2682,6,'M',2,9,NULL,95,26,'1/2016'),
 (2683,5,'N',2,20,NULL,81,30,'1/2016'),
 (2684,6,'M',1,9,NULL,96,27,'1/2016'),
 (2685,1,'N',1,25,NULL,85,31,'1/2016'),
 (2686,1,'N',2,25,NULL,85,31,'1/2016'),
 (2687,6,'M',2,9,NULL,95,27,'1/2016'),
 (2688,2,'N',1,25,NULL,56,31,'1/2016'),
 (2689,2,'N',2,25,NULL,56,31,'1/2016'),
 (2690,3,'N',1,25,NULL,107,31,'1/2016'),
 (2691,3,'N',2,25,NULL,107,31,'1/2016'),
 (2692,6,'M',1,9,NULL,22,28,'1/2016'),
 (2693,4,'N',1,25,NULL,106,31,'1/2016'),
 (2694,4,'N',2,25,NULL,106,31,'1/2016'),
 (2695,5,'N',1,25,NULL,85,31,'1/2016'),
 (2696,5,'N',2,25,NULL,85,31,'1/2016'),
 (2697,6,'M',2,9,NULL,89,28,'1/2016'),
 (2698,1,'N',1,25,NULL,83,32,'1/2016'),
 (2699,1,'N',2,25,NULL,83,32,'1/2016'),
 (2700,2,'N',1,24,NULL,NULL,32,'1/2016'),
 (2701,6,'M',1,20,NULL,84,30,'1/2016'),
 (2702,2,'N',2,24,NULL,NULL,32,'1/2016'),
 (2703,6,'M',2,20,NULL,84,30,'1/2016'),
 (2704,3,'N',1,24,NULL,NULL,32,'1/2016'),
 (2705,3,'N',2,24,NULL,NULL,32,'1/2016'),
 (2706,4,'N',1,25,NULL,35,32,'1/2016'),
 (2707,4,'N',2,25,NULL,35,32,'1/2016'),
 (2708,5,'N',1,25,NULL,107,32,'1/2016'),
 (2709,5,'N',2,25,NULL,52,32,'1/2016'),
 (2710,1,'N',1,25,NULL,109,33,'1/2016'),
 (2711,1,'N',2,25,NULL,4,33,'1/2016'),
 (2712,6,'M',1,25,NULL,85,31,'1/2016'),
 (2713,2,'N',1,25,NULL,110,33,'1/2016'),
 (2714,2,'N',2,25,NULL,109,33,'1/2016'),
 (2715,6,'M',2,25,NULL,85,31,'1/2016'),
 (2716,3,'N',1,25,NULL,85,33,'1/2016'),
 (2717,3,'N',2,25,NULL,85,33,'1/2016'),
 (2718,4,'N',1,25,NULL,85,33,'1/2016'),
 (2719,4,'N',2,25,NULL,85,33,'1/2016'),
 (2720,5,'N',1,25,NULL,12,33,'1/2016'),
 (2721,5,'N',2,25,NULL,12,33,'1/2016'),
 (2722,6,'M',1,25,NULL,109,33,'1/2016'),
 (2723,6,'M',2,25,NULL,109,33,'1/2016'),
 (7457,1,'N',1,24,NULL,NULL,34,NULL),
 (7458,1,'N',1,13,NULL,NULL,34,NULL),
 (7459,1,'N',1,16,NULL,NULL,34,NULL),
 (7462,6,'M',2,25,184,109,33,'1/2017'),
 (7463,6,'M',1,25,184,109,33,'1/2017'),
 (7464,5,'N',2,25,NULL,12,33,'1/2017'),
 (7465,5,'N',1,25,NULL,12,33,'1/2017'),
 (7466,4,'N',2,25,31,NULL,33,'1/2017'),
 (7467,4,'N',1,25,31,NULL,33,'1/2017'),
 (7468,3,'N',2,25,31,NULL,33,'1/2017'),
 (7469,3,'N',1,25,31,NULL,33,'1/2017'),
 (7470,2,'N',2,25,200,109,33,'1/2017'),
 (7471,2,'N',1,25,34,110,33,'1/2017'),
 (7472,1,'N',2,25,199,4,33,'1/2017'),
 (7473,1,'N',1,25,198,109,33,'1/2017'),
 (7474,6,'M',2,25,86,83,32,'1/2017'),
 (7475,6,'M',1,25,86,83,32,'1/2017'),
 (7476,5,'N',2,25,215,52,32,'1/2017'),
 (7477,5,'N',1,25,197,107,32,'1/2017'),
 (7478,4,'N',2,25,86,35,32,'1/2017'),
 (7479,4,'N',1,25,86,35,32,'1/2017'),
 (7484,1,'N',2,25,196,108,32,'1/2017'),
 (7485,1,'N',1,25,196,108,32,'1/2017'),
 (7486,6,'M',2,25,31,NULL,31,'1/2017'),
 (7487,6,'M',1,25,31,NULL,31,'1/2017'),
 (7488,5,'N',2,25,31,NULL,31,'1/2017'),
 (7489,5,'N',1,25,31,NULL,31,'1/2017'),
 (7490,4,'N',2,25,195,106,31,'1/2017'),
 (7491,4,'N',1,25,195,106,31,'1/2017'),
 (7492,3,'N',2,25,84,NULL,31,'1/2017'),
 (7493,3,'N',1,25,84,NULL,31,'1/2017'),
 (7494,2,'N',2,25,36,125,31,'1/2017'),
 (7495,2,'N',1,25,36,125,31,'1/2017'),
 (7496,1,'N',2,25,31,NULL,31,'1/2017'),
 (7497,1,'N',1,25,31,NULL,31,'1/2017'),
 (7498,6,'M',2,20,154,84,30,'1/2017'),
 (7499,6,'M',1,20,154,84,30,'1/2017'),
 (7501,5,'N',2,20,140,81,30,'1/2017'),
 (7502,5,'N',1,20,140,81,30,'1/2017'),
 (7503,4,'N',2,20,88,84,30,'1/2017'),
 (7504,4,'N',1,20,88,84,30,'1/2017'),
 (7507,3,'N',1,20,83,83,30,'1/2017'),
 (7509,2,'N',1,20,37,82,30,'1/2017'),
 (7511,1,'N',2,20,23,81,30,'1/2017'),
 (7512,1,'N',1,20,23,81,30,'1/2017'),
 (7514,6,'M',3,20,154,84,30,'1/2017'),
 (7515,5,'N',2,13,NULL,129,29,'1/2017'),
 (7516,5,'N',1,13,NULL,129,29,'1/2017'),
 (7517,4,'N',2,13,NULL,44,29,'1/2017'),
 (7518,4,'N',1,13,NULL,44,29,'1/2017'),
 (7519,3,'N',2,13,NULL,100,29,'1/2017'),
 (7520,3,'N',1,13,NULL,100,29,'1/2017'),
 (7521,2,'N',2,13,38,101,29,'1/2017'),
 (7522,2,'N',1,13,38,101,29,'1/2017'),
 (7524,1,'N',2,13,29,147,29,'1/2017'),
 (7526,6,'T',1,9,180,89,28,'1/2017'),
 (7527,6,'M',3,9,180,89,28,'1/2017'),
 (7530,5,'N',2,9,206,95,28,'1/2017'),
 (7531,5,'N',1,9,206,95,28,'1/2017'),
 (7534,4,'N',2,9,205,99,28,'1/2017'),
 (7535,4,'N',1,9,205,99,28,'1/2017'),
 (7536,3,'N',2,9,205,99,28,'1/2017'),
 (7537,3,'N',1,9,205,99,28,'1/2017'),
 (7541,2,'N',2,9,208,22,28,'1/2017'),
 (7542,2,'N',1,9,208,22,28,'1/2017'),
 (7545,1,'N',2,9,207,151,28,'1/2017'),
 (7546,1,'N',1,9,208,134,28,'1/2017'),
 (7547,6,'T',1,9,180,89,27,'1/2017'),
 (7548,6,'M',3,9,180,95,27,'1/2017'),
 (7552,5,'N',1,9,233,99,27,'1/2017'),
 (7553,4,'N',2,9,211,143,27,'1/2017'),
 (7554,4,'N',1,9,181,143,27,'1/2017'),
 (7556,3,'N',1,9,210,93,27,'1/2017'),
 (7557,2,'N',2,9,NULL,94,27,'1/2017'),
 (7558,2,'N',1,9,NULL,94,27,'1/2017'),
 (7559,1,'N',2,23,186,19,27,'1/2017'),
 (7560,1,'N',1,23,186,19,27,'1/2017'),
 (7561,6,'T',1,9,180,89,26,'1/2017'),
 (7562,6,'M',3,9,180,95,26,'1/2017'),
 (7563,6,'M',3,25,31,NULL,31,'1/2017'),
 (7564,5,'N',2,9,212,90,26,'1/2017'),
 (7565,5,'N',1,9,212,90,26,'1/2017'),
 (7567,4,'N',2,9,211,89,26,'1/2017'),
 (7568,4,'N',1,9,91,89,26,'1/2017'),
 (7569,3,'N',2,9,91,90,26,'1/2017'),
 (7570,3,'N',1,9,210,90,26,'1/2017'),
 (7572,2,'N',2,9,209,22,26,'1/2017'),
 (7573,2,'N',1,9,209,22,26,'1/2017'),
 (7574,1,'N',2,9,79,90,26,'1/2017'),
 (7575,1,'N',1,9,208,90,26,'1/2017'),
 (7576,6,'M',2,20,179,88,25,'1/2017'),
 (7579,5,'N',2,20,231,55,25,'1/2017'),
 (7580,5,'N',1,20,231,55,25,'1/2017'),
 (7581,6,'M',3,25,60,58,4,'1/2017'),
 (7582,4,'N',1,20,140,83,25,'1/2017'),
 (7583,4,'N',2,20,140,88,25,'1/2017'),
 (7585,3,'N',2,20,78,87,25,'1/2017'),
 (7586,3,'N',1,20,77,87,25,'1/2017'),
 (7588,2,'N',2,20,42,86,25,'1/2017'),
 (7589,2,'N',1,20,42,83,25,'1/2017'),
 (7591,1,'N',2,20,140,81,25,'1/2017'),
 (7592,1,'N',1,20,140,81,25,'1/2017'),
 (7593,6,'M',2,25,178,76,24,'1/2017'),
 (7594,6,'M',1,25,178,76,24,'1/2017'),
 (7595,5,'N',2,3,70,53,24,'1/2017'),
 (7596,5,'N',1,3,70,53,24,'1/2017'),
 (7597,4,'N',2,25,178,77,24,'1/2017'),
 (7598,4,'N',1,25,178,76,24,'1/2017'),
 (7599,3,'N',2,3,70,53,24,'1/2017'),
 (7600,3,'N',1,3,70,53,24,'1/2017'),
 (7603,2,'N',2,25,178,79,24,'1/2017'),
 (7604,2,'N',1,25,178,76,24,'1/2017'),
 (7607,1,'N',2,3,148,53,24,'1/2017'),
 (7608,1,'N',1,3,70,53,24,'1/2017'),
 (7612,6,'M',3,1,227,39,23,'1/2017'),
 (7613,6,'M',2,1,227,39,23,'1/2017'),
 (7614,6,'M',1,1,227,39,23,'1/2017'),
 (7615,5,'N',2,1,220,39,23,'1/2017'),
 (7616,5,'N',1,1,220,39,23,'1/2017'),
 (7619,4,'N',2,1,229,36,23,'1/2017'),
 (7620,4,'N',1,1,229,36,23,'1/2017'),
 (7622,4,'M',2,1,223,36,23,'1/2017'),
 (7623,3,'N',2,1,228,39,23,'1/2017'),
 (7624,3,'N',1,1,228,39,23,'1/2017'),
 (7625,2,'N',2,1,227,39,23,'1/2017'),
 (7626,2,'N',1,1,227,39,23,'1/2017'),
 (7629,1,'N',2,1,220,39,23,'1/2017'),
 (7630,1,'N',1,1,220,39,23,'1/2017'),
 (7632,6,'M',3,25,178,79,24,'1/2017'),
 (7633,6,'M',3,20,179,88,25,'1/2017'),
 (7634,6,'M',3,1,215,35,22,'1/2017'),
 (7635,6,'M',2,1,215,35,22,'1/2017'),
 (7636,6,'M',1,1,215,35,22,'1/2017'),
 (7637,5,'N',3,13,47,66,22,'1/2017'),
 (7638,5,'N',2,13,47,66,22,'1/2017'),
 (7639,5,'N',1,13,47,66,22,'1/2017'),
 (7640,6,'M',3,27,213,82,9,'1/2017'),
 (7641,4,'N',2,1,218,35,22,'1/2017'),
 (7642,4,'N',1,1,218,35,22,'1/2017'),
 (7644,3,'N',2,1,223,36,22,'1/2017'),
 (7645,3,'N',1,1,223,36,22,'1/2017'),
 (7647,2,'N',2,11,194,71,22,'1/2017'),
 (7648,2,'N',1,11,194,71,22,'1/2017'),
 (7651,1,'N',2,13,NULL,82,22,'1/2017'),
 (7652,1,'N',1,13,NULL,82,22,'1/2017'),
 (7653,1,'M',1,1,215,35,22,'1/2017'),
 (7654,6,'M',3,25,86,83,32,'1/2017'),
 (7655,6,'M',3,25,19,69,21,'1/2017'),
 (7656,6,'M',2,25,19,69,21,'1/2017'),
 (7657,6,'M',1,25,19,69,21,'1/2017'),
 (7660,6,'T',1,27,143,82,9,'1/2017'),
 (7661,4,'N',2,25,114,7,21,'1/2017'),
 (7662,4,'N',1,3,114,7,21,'1/2017'),
 (7665,3,'N',2,25,19,69,21,'1/2017'),
 (7666,3,'N',1,25,19,69,21,'1/2017'),
 (7667,2,'N',2,25,114,7,21,'1/2017'),
 (7668,2,'N',1,25,114,7,21,'1/2017'),
 (7672,1,'M',1,25,241,68,21,'1/2017'),
 (7673,6,'M',3,25,184,109,33,'1/2017'),
 (7674,6,'M',2,25,19,158,20,'1/2017'),
 (7675,6,'M',1,25,19,158,20,'1/2017'),
 (7678,6,'T',2,27,143,82,9,'1/2017'),
 (7679,4,'N',2,25,19,67,20,'1/2017'),
 (7680,4,'N',1,25,19,67,20,'1/2017'),
 (7684,2,'N',2,25,19,67,20,'1/2017'),
 (7685,2,'N',1,25,19,67,20,'1/2017'),
 (7687,1,'N',2,25,19,67,20,'1/2017'),
 (7688,1,'N',1,25,19,67,20,'1/2017'),
 (7689,1,'M',2,1,215,35,22,'1/2017'),
 (7690,6,'M',3,25,19,158,20,'1/2017'),
 (7691,6,'M',2,29,255,67,19,'1/2017'),
 (7692,6,'M',1,29,255,67,19,'1/2017'),
 (7693,5,'N',2,13,NULL,46,19,'1/2017'),
 (7694,5,'N',1,13,144,31,19,'1/2017'),
 (7697,4,'N',2,13,7,34,19,'1/2017'),
 (7698,4,'N',1,13,7,34,19,'1/2017'),
 (7701,3,'N',2,13,144,31,19,'1/2017'),
 (7702,3,'N',1,13,144,31,19,'1/2017'),
 (7705,2,'N',2,13,97,63,19,'1/2017'),
 (7706,2,'N',1,13,96,111,19,'1/2017'),
 (7709,1,'N',2,13,7,34,19,'1/2017'),
 (7710,1,'N',1,13,7,34,19,'1/2017'),
 (7712,6,'M',2,18,176,61,18,'1/2017'),
 (7713,6,'M',1,18,176,61,18,'1/2017'),
 (7714,5,'N',2,18,176,61,18,'1/2017'),
 (7715,5,'N',1,18,176,61,18,'1/2017'),
 (7717,4,'N',2,16,65,32,18,'1/2017'),
 (7718,4,'N',1,16,65,32,18,'1/2017'),
 (7719,3,'N',2,16,NULL,59,18,'1/2017'),
 (7720,3,'N',1,16,NULL,59,18,'1/2017'),
 (7721,2,'N',2,16,NULL,111,18,'1/2017'),
 (7722,2,'N',1,16,NULL,25,18,'1/2017'),
 (7724,1,'N',2,25,5,24,18,'1/2017'),
 (7725,1,'N',1,25,5,24,18,'1/2017'),
 (7727,6,'M',3,18,176,61,18,'1/2017'),
 (7728,6,'M',3,29,255,67,19,'1/2017'),
 (7729,6,'M',3,20,154,117,17,'1/2017'),
 (7730,6,'M',2,20,154,117,17,'1/2017'),
 (7731,5,'N',2,1,221,54,17,'1/2017'),
 (7732,5,'N',1,1,221,54,17,'1/2017'),
 (7735,4,'N',2,20,104,55,17,'1/2017'),
 (7736,4,'N',1,20,104,55,17,'1/2017'),
 (7743,1,'N',2,11,16,28,17,'1/2017'),
 (7744,1,'N',1,11,16,28,17,'1/2017'),
 (7746,6,'M',2,3,70,53,16,'1/2017'),
 (7747,6,'M',1,3,70,53,16,'1/2017'),
 (7748,5,'N',2,11,194,71,16,'1/2017'),
 (7749,5,'N',1,11,194,71,16,'1/2017'),
 (7752,4,'N',2,3,70,53,16,'1/2017'),
 (7753,4,'N',1,3,70,53,16,'1/2017'),
 (7756,3,'N',2,25,15,52,16,'1/2017'),
 (7757,3,'N',1,25,15,52,16,'1/2017'),
 (7760,2,'N',2,3,244,141,16,'1/2017'),
 (7761,2,'N',1,3,244,141,16,'1/2017'),
 (7764,1,'N',2,25,15,52,16,'1/2017'),
 (7765,1,'N',1,25,15,52,16,'1/2017'),
 (7773,5,'N',2,6,120,47,15,'1/2017'),
 (7774,5,'N',1,6,128,29,15,'1/2017'),
 (7776,4,'N',2,6,51,48,15,'1/2017'),
 (7777,4,'N',1,6,51,48,15,'1/2017'),
 (7778,3,'N',2,6,69,49,15,'1/2017'),
 (7779,3,'N',1,6,69,49,15,'1/2017'),
 (7780,2,'N',2,6,51,50,15,'1/2017'),
 (7781,2,'N',1,6,51,50,15,'1/2017'),
 (7782,1,'N',2,6,14,51,15,'1/2017'),
 (7783,1,'N',1,6,14,51,15,'1/2017'),
 (7785,6,'M',3,3,70,53,16,'1/2017'),
 (7786,5,'N',2,3,13,46,14,'1/2017'),
 (7787,5,'N',1,3,13,46,14,'1/2017'),
 (7788,4,'N',2,3,13,46,14,'1/2017'),
 (7789,4,'N',1,3,13,46,14,'1/2017'),
 (7790,3,'N',2,11,157,26,14,'1/2017'),
 (7791,3,'N',1,11,157,26,14,'1/2017'),
 (7792,2,'N',2,3,13,46,14,'1/2017'),
 (7793,2,'N',1,3,13,46,14,'1/2017'),
 (7794,1,'N',2,3,13,46,14,'1/2017'),
 (7795,1,'N',1,3,13,46,14,'1/2017'),
 (7798,5,'N',2,13,126,42,13,'1/2017'),
 (7799,5,'N',1,13,126,42,13,'1/2017'),
 (7800,5,'M',2,13,38,18,13,'1/2017'),
 (7801,5,'M',1,13,38,18,13,'1/2017'),
 (7802,4,'N',2,13,NULL,31,13,'1/2017'),
 (7803,4,'N',1,13,NULL,31,13,'1/2017'),
 (7804,3,'N',2,13,73,65,13,'1/2017'),
 (7805,3,'N',1,13,73,65,13,'1/2017'),
 (7806,2,'N',2,25,53,27,13,'1/2017'),
 (7807,2,'N',1,25,53,27,13,'1/2017'),
 (7808,1,'N',2,25,190,26,13,'1/2017'),
 (7809,1,'N',1,25,190,26,13,'1/2017'),
 (7810,6,'M',2,3,125,40,12,'1/2017'),
 (7811,6,'M',1,3,125,40,12,'1/2017'),
 (7812,5,'N',2,3,192,40,12,'1/2017'),
 (7813,5,'N',1,3,192,40,12,'1/2017'),
 (7814,4,'N',2,3,192,40,12,'1/2017'),
 (7815,4,'N',1,3,192,40,12,'1/2017'),
 (7817,3,'N',2,3,192,40,12,'1/2017'),
 (7818,3,'N',1,3,192,40,12,'1/2017'),
 (7819,2,'N',2,3,11,40,12,'1/2017'),
 (7820,2,'N',1,3,11,40,12,'1/2017'),
 (7821,1,'N',2,3,11,40,12,'1/2017'),
 (7822,1,'N',1,3,11,40,12,'1/2017'),
 (7823,6,'M',2,1,224,37,11,'1/2017'),
 (7824,6,'M',1,1,224,37,11,'1/2017'),
 (7825,5,'N',2,1,226,35,11,'1/2017'),
 (7826,5,'N',1,1,226,35,11,'1/2017'),
 (7827,4,'N',2,11,NULL,28,11,'1/2017'),
 (7828,4,'N',1,11,NULL,28,11,'1/2017'),
 (7831,2,'N',2,1,224,37,11,'1/2017'),
 (7832,2,'N',1,1,224,37,11,'1/2017'),
 (7833,1,'N',2,1,219,37,11,'1/2017'),
 (7834,1,'N',1,1,219,37,11,'1/2017'),
 (7835,6,'M',2,25,172,113,10,'1/2017'),
 (7836,6,'M',1,25,172,113,10,'1/2017'),
 (7837,5,'N',2,1,219,37,10,'1/2017'),
 (7838,5,'N',1,1,219,37,10,'1/2017'),
 (7839,4,'N',2,1,157,10,10,'1/2017'),
 (7840,4,'N',1,1,157,10,10,'1/2017'),
 (7843,2,'N',2,25,193,12,10,'1/2017'),
 (7844,2,'N',1,25,193,12,10,'1/2017'),
 (7845,1,'N',2,1,226,35,10,'1/2017'),
 (7846,1,'N',1,1,226,35,10,'1/2017'),
 (7848,5,'N',2,16,NULL,25,9,'1/2017'),
 (7849,5,'N',1,16,NULL,25,9,'1/2017'),
 (7850,4,'N',2,16,214,146,9,'1/2017'),
 (7851,4,'N',1,16,214,146,9,'1/2017'),
 (7852,3,'N',2,16,NULL,111,9,'1/2017'),
 (7853,3,'N',1,16,NULL,111,9,'1/2017'),
 (7854,2,'N',2,16,47,66,9,'1/2017'),
 (7855,2,'N',1,16,47,66,9,'1/2017'),
 (7857,1,'N',2,16,144,32,9,'1/2017'),
 (7858,1,'N',1,16,144,32,9,'1/2017'),
 (7860,5,'N',2,26,NULL,NULL,7,'1/2017'),
 (7861,5,'N',1,26,NULL,NULL,7,'1/2017'),
 (7862,4,'N',2,26,NULL,NULL,7,'1/2017'),
 (7863,4,'N',1,26,NULL,NULL,7,'1/2017'),
 (7864,3,'N',2,26,NULL,NULL,7,'1/2017'),
 (7865,3,'N',1,26,NULL,NULL,7,'1/2017'),
 (7866,2,'N',2,26,NULL,NULL,7,'1/2017'),
 (7867,2,'N',1,26,NULL,NULL,7,'1/2017'),
 (7868,1,'N',2,26,NULL,NULL,7,'1/2017'),
 (7869,1,'N',1,26,NULL,NULL,7,'1/2017'),
 (7876,5,'N',2,10,61,75,8,'1/2017'),
 (7877,5,'N',1,10,61,75,8,'1/2017'),
 (7878,4,'N',2,25,113,27,8,'1/2017'),
 (7879,4,'N',1,25,113,27,8,'1/2017'),
 (7882,2,'N',2,25,57,28,8,'1/2017'),
 (7883,2,'N',1,25,57,28,8,'1/2017'),
 (7884,1,'N',2,25,113,27,8,'1/2017'),
 (7885,1,'N',1,25,113,27,8,'1/2017'),
 (7886,6,'M',2,3,169,111,6,'1/2017'),
 (7887,6,'M',1,3,169,111,6,'1/2017'),
 (7888,5,'N',2,25,125,41,6,'1/2017'),
 (7889,5,'N',1,3,125,41,6,'1/2017'),
 (7890,5,'M',3,13,38,18,13,'1/2017'),
 (7891,4,'N',2,3,157,26,6,'1/2017'),
 (7892,4,'N',1,3,157,26,6,'1/2017'),
 (7895,3,'N',2,3,157,157,6,'1/2017'),
 (7896,3,'N',1,3,157,24,6,'1/2017'),
 (7898,2,'N',2,3,173,25,6,'1/2017'),
 (7899,2,'N',1,3,173,25,6,'1/2017'),
 (7902,1,'N',2,3,244,141,6,'1/2017'),
 (7903,1,'N',1,3,244,141,6,'1/2017'),
 (7908,6,'T',3,27,143,82,9,'1/2017'),
 (7909,4,'N',2,23,115,22,5,'1/2017'),
 (7910,4,'N',1,23,115,21,5,'1/2017'),
 (7913,3,'N',2,23,63,131,5,'1/2017'),
 (7914,3,'N',1,23,63,20,5,'1/2017'),
 (7916,2,'N',2,23,59,20,5,'1/2017'),
 (7917,2,'N',1,23,59,20,5,'1/2017'),
 (7921,1,'N',2,23,232,23,5,'1/2017'),
 (7922,1,'N',1,23,232,23,5,'1/2017'),
 (7923,6,'M',2,25,60,58,4,'1/2017'),
 (7924,6,'M',1,25,60,58,4,'1/2017'),
 (7925,5,'N',2,25,187,17,4,'1/2017'),
 (7926,5,'N',1,25,187,17,4,'1/2017'),
 (7927,4,'N',2,25,188,16,4,'1/2017'),
 (7928,4,'N',1,25,188,16,4,'1/2017'),
 (7931,2,'N',2,25,217,58,4,'1/2017'),
 (7932,2,'N',1,25,217,58,4,'1/2017'),
 (7933,1,'N',2,25,47,58,4,'1/2017'),
 (7934,1,'N',1,25,47,58,4,'1/2017'),
 (7935,6,'M',3,3,169,111,6,'1/2017'),
 (7936,5,'N',2,5,242,9,2,'1/2017'),
 (7937,5,'N',1,5,242,8,2,'1/2017'),
 (7939,4,'N',1,5,242,8,2,'1/2017'),
 (7942,3,'N',2,5,247,8,2,'1/2017'),
 (7943,3,'N',1,5,251,1,2,'1/2017'),
 (7946,1,'N',2,5,248,5,2,'1/2017'),
 (7947,1,'N',1,5,250,145,2,'1/2017'),
 (7959,3,'N',1,5,104,5,1,'1/2017'),
 (7962,1,'N',2,5,NULL,1,1,'1/2017'),
 (7963,1,'N',1,5,104,1,1,'1/2017'),
 (7966,5,'N',2,23,118,14,3,'1/2017'),
 (7967,5,'N',1,23,118,14,3,'1/2017'),
 (7968,4,'N',2,25,117,13,3,'1/2017'),
 (7969,4,'N',1,25,117,13,3,'1/2017'),
 (7970,3,'N',2,10,NULL,17,3,'1/2017'),
 (7971,3,'N',1,25,NULL,17,3,'1/2017'),
 (7972,2,'N',1,17,157,128,3,'1/2017'),
 (7973,1,'N',2,1,225,125,3,'1/2017'),
 (7974,1,'N',1,1,225,125,3,'1/2017'),
 (7975,1,'N',3,26,NULL,NULL,7,'1/2017'),
 (7976,6,'M',1,26,NULL,NULL,7,'1/2017'),
 (7977,6,'M',2,26,NULL,NULL,7,'1/2017'),
 (7978,6,'M',3,26,NULL,NULL,7,'1/2017'),
 (7983,6,'M',1,3,11,115,14,'1/2017'),
 (7984,6,'M',2,3,11,115,14,'1/2017'),
 (7985,6,'M',3,3,11,115,14,'1/2017'),
 (7989,5,'N',1,25,19,69,21,'1/2017'),
 (7990,5,'N',2,25,19,69,21,'1/2017'),
 (7991,1,'N',1,13,28,103,29,'1/2017'),
 (7992,6,'T',1,29,NULL,NULL,20,'1/2017'),
 (7993,6,'T',2,29,NULL,NULL,20,'1/2017'),
 (7994,6,'T',3,29,NULL,NULL,20,'1/2017'),
 (7995,1,'T',2,27,143,145,9,'1/2017'),
 (7996,1,'T',3,27,143,145,9,'1/2017'),
 (7997,2,'M',1,13,NULL,111,13,'1/2017'),
 (7998,2,'M',2,13,NULL,111,13,'1/2017'),
 (7999,2,'M',3,13,NULL,111,13,'1/2017'),
 (8000,1,'M',3,1,218,35,22,'1/2017'),
 (8004,5,'M',1,1,220,39,22,'1/2017'),
 (8005,5,'M',2,1,220,39,22,'1/2017'),
 (8006,6,'M',3,1,224,37,11,'1/2017'),
 (8008,6,'M',1,6,174,29,13,'1/2017'),
 (8009,6,'M',2,6,174,29,13,'1/2017'),
 (8010,6,'M',3,6,174,29,13,'1/2017'),
 (8011,6,'M',1,20,154,117,17,'1/2017'),
 (8012,6,'T',1,20,179,14,25,'1/2017'),
 (8013,5,'N',1,1,230,38,20,'1/2017'),
 (8014,5,'N',2,1,230,38,20,'1/2017'),
 (8015,6,'M',3,25,203,114,10,'1/2017'),
 (8016,6,'M',3,3,125,40,12,'1/2017'),
 (8017,5,'N',1,23,119,131,5,'1/2017'),
 (8018,5,'N',2,23,119,23,5,'1/2017'),
 (8078,1,'N',1,24,NULL,90,21,'1/2017'),
 (8079,1,'N',2,24,NULL,90,21,'1/2017'),
 (8080,2,'N',1,24,NULL,90,17,'1/2017'),
 (8081,2,'N',2,24,NULL,90,17,'1/2017'),
 (8082,3,'N',1,24,NULL,90,17,'1/2017'),
 (8083,3,'N',2,24,NULL,90,17,'1/2017'),
 (8084,1,'M',1,25,186,99,16,'1/2017'),
 (8085,1,'M',2,25,186,99,16,'1/2017'),
 (8086,1,'M',3,25,186,99,16,'1/2017'),
 (8090,2,'M',1,25,239,58,16,'1/2017'),
 (8091,2,'M',2,25,239,58,16,'1/2017'),
 (8092,2,'M',3,25,239,58,16,'1/2017'),
 (8093,2,'M',1,3,NULL,24,6,'1/2017'),
 (8094,2,'M',2,3,NULL,24,6,'1/2017'),
 (8095,2,'M',3,3,NULL,24,6,'1/2017'),
 (8096,3,'M',1,25,239,71,16,'1/2017'),
 (8097,3,'M',2,25,239,71,16,'1/2017'),
 (8098,3,'M',3,25,239,71,16,'1/2017'),
 (8102,4,'M',1,3,NULL,24,6,'1/2017'),
 (8103,4,'M',2,3,NULL,24,6,'1/2017'),
 (8104,4,'M',3,3,NULL,24,6,'1/2017'),
 (8105,4,'M',1,25,239,58,16,'1/2017'),
 (8106,4,'M',2,25,239,58,16,'1/2017'),
 (8107,4,'M',3,25,239,58,16,'1/2017'),
 (8108,4,'M',1,25,241,11,21,'1/2017'),
 (8109,4,'M',2,25,241,11,21,'1/2017'),
 (8110,4,'M',3,25,241,11,21,'1/2017'),
 (8111,5,'M',1,25,239,71,16,'1/2017'),
 (8112,5,'M',2,25,239,71,16,'1/2017'),
 (8113,5,'M',3,25,239,71,16,'1/2017'),
 (8123,3,'N',1,25,245,NULL,32,'1/2017'),
 (8124,3,'N',2,25,245,NULL,32,'1/2017'),
 (8126,1,'M',2,5,104,5,2,'1/2017'),
 (8127,1,'M',3,5,104,5,2,'1/2017'),
 (8134,2,'M',2,5,104,1,1,'1/2017'),
 (8135,2,'M',3,5,104,1,1,'1/2017'),
 (8150,5,'M',1,3,NULL,NULL,34,'1/2017'),
 (8151,5,'M',2,11,NULL,NULL,34,'1/2017'),
 (8152,2,'M',1,25,NULL,76,24,'1/2017'),
 (8153,2,'M',2,25,NULL,76,24,'1/2017'),
 (8154,2,'M',3,25,NULL,76,24,'1/2017'),
 (8155,4,'M',3,1,224,37,18,'1/2017'),
 (8156,4,'M',2,1,224,37,18,'1/2017'),
 (8159,5,'M',1,25,NULL,67,23,'1/2017'),
 (8160,5,'M',2,25,NULL,67,23,'1/2017'),
 (8161,5,'M',3,25,NULL,67,23,'1/2017'),
 (8162,3,'M',2,5,NULL,1,1,'1/2017'),
 (8163,3,'M',3,5,NULL,1,1,'1/2017'),
 (8164,3,'M',1,25,NULL,76,24,'1/2017'),
 (8165,3,'M',2,25,NULL,76,24,'1/2017'),
 (8166,3,'M',3,25,NULL,76,24,'1/2017'),
 (8173,1,'M',1,13,47,66,13,'1/2017'),
 (8174,1,'M',2,13,47,66,13,'1/2017'),
 (8175,1,'M',3,13,47,66,13,'1/2017'),
 (8178,1,'M',2,25,241,68,21,'1/2017'),
 (8179,1,'M',3,25,241,68,21,'1/2017'),
 (8180,2,'M',1,3,244,141,12,'1/2017'),
 (8181,2,'M',2,3,244,141,12,'1/2017'),
 (8182,2,'M',3,3,244,141,12,'1/2017'),
 (8183,1,'M',1,5,246,1,1,'1/2017'),
 (8184,1,'M',2,5,246,1,1,'1/2017'),
 (8185,2,'N',2,17,157,128,3,'1/2017'),
 (8186,2,'N',1,5,NULL,90,1,'1/2017'),
 (8187,2,'N',2,5,NULL,90,1,'1/2017'),
 (8188,4,'N',1,5,NULL,144,1,'1/2017'),
 (8189,4,'N',2,5,NULL,90,1,'1/2017'),
 (8190,5,'N',1,5,NULL,90,1,'1/2017'),
 (8191,5,'N',2,5,NULL,90,1,'1/2017'),
 (8192,4,'N',2,5,242,9,2,'1/2017'),
 (8196,2,'M',1,1,221,54,23,'1/2017'),
 (8197,2,'M',2,1,221,54,23,'1/2017'),
 (8198,2,'M',1,25,NULL,52,22,'1/2017'),
 (8199,2,'M',2,25,NULL,52,22,'1/2017'),
 (8200,2,'M',3,25,NULL,52,22,'1/2017'),
 (8201,4,'M',1,17,157,128,22,'1/2017'),
 (8205,6,'T',1,3,NULL,112,6,'1/2017'),
 (8206,6,'T',2,3,NULL,112,6,'1/2017'),
 (8207,1,'M',1,1,219,37,18,'1/2017'),
 (8208,1,'M',2,1,219,37,18,'1/2017'),
 (8209,6,'T',1,12,NULL,43,23,'1/2017'),
 (8210,6,'T',2,12,NULL,43,23,'1/2017'),
 (8211,1,'M',1,17,NULL,128,15,'1/2017'),
 (8212,1,'M',2,17,NULL,128,15,'1/2017'),
 (8213,1,'M',3,17,NULL,128,15,'1/2017'),
 (8214,5,'M',1,17,102,43,15,'1/2017'),
 (8215,5,'M',2,17,102,43,15,'1/2017'),
 (8216,6,'T',1,3,NULL,46,14,'1/2017'),
 (8229,4,'M',1,3,70,53,24,'1/2017'),
 (8230,4,'M',2,3,242,53,24,'1/2017'),
 (8231,4,'M',3,3,242,53,24,'1/2017'),
 (8232,5,'M',1,3,240,24,12,'1/2017'),
 (8233,5,'M',2,3,240,24,12,'1/2017'),
 (8234,5,'M',3,3,240,24,12,'1/2017'),
 (8235,3,'N',1,22,157,109,10,'1/2017'),
 (8236,3,'N',2,22,157,109,10,'1/2017'),
 (8238,6,'M',1,29,256,79,3,'1/2017'),
 (8239,6,'M',2,29,256,79,3,'1/2017'),
 (8240,6,'M',3,29,256,79,3,'1/2017'),
 (8241,6,'M',1,29,257,160,29,'1/2017'),
 (8242,6,'M',2,29,257,160,29,'1/2017'),
 (8243,6,'M',3,29,257,160,29,'1/2017'),
 (8244,6,'T',1,29,NULL,151,21,'1/2017'),
 (8245,6,'T',2,29,NULL,151,21,'1/2017'),
 (8246,6,'T',3,29,NULL,151,21,'1/2017'),
 (8247,6,'M',1,1,222,36,8,'1/2017'),
 (8248,6,'M',2,1,222,36,8,'1/2017'),
 (8249,6,'M',3,1,222,36,8,'1/2017'),
 (8250,6,'T',1,29,259,35,18,'1/2017'),
 (8251,6,'T',2,29,259,35,18,'1/2017'),
 (8252,6,'T',3,29,259,35,18,'1/2017'),
 (8253,6,'T',1,29,NULL,159,19,'1/2017'),
 (8254,6,'T',2,29,NULL,159,19,'1/2017'),
 (8255,6,'T',3,29,NULL,159,19,'1/2017'),
 (8256,6,'T',1,29,260,161,13,'1/2017'),
 (8257,6,'T',2,29,260,161,13,'1/2017'),
 (8258,6,'T',3,29,260,161,13,'1/2017');
/*!40000 ALTER TABLE `tb_aula` ENABLE KEYS */;


--
-- Definition of table `tb_curso`
--

DROP TABLE IF EXISTS `tb_curso`;
CREATE TABLE `tb_curso` (
  `cd_curso` int(11) NOT NULL AUTO_INCREMENT,
  `nm_curso` varchar(50) DEFAULT NULL,
  `ds_cor_hex` varchar(10) DEFAULT NULL,
  `cd_secretaria` int(11) DEFAULT NULL,
  PRIMARY KEY (`cd_curso`),
  KEY `fk_curso_secretaria` (`cd_secretaria`)
) ENGINE=InnoDB AUTO_INCREMENT=31 DEFAULT CHARSET=utf8;

--
-- Dumping data for table `tb_curso`
--

/*!40000 ALTER TABLE `tb_curso` DISABLE KEYS */;
INSERT INTO `tb_curso` (`cd_curso`,`nm_curso`,`ds_cor_hex`,`cd_secretaria`) VALUES 
 (1,'Sistemas de Informao','#75923C',3),
 (2,'Engenharia da Computao','#CC9900',1),
 (3,'Engenharia Civil','#CC9900',1),
 (4,'Engenharia de Produo','#CC9900',1),
 (5,'Arquitetura e Urbanismo','#4169E1',1),
 (6,'Engenharia de Petrleo','#CC9900',1),
 (9,'Produo e Multimdia','#693F64',3),
 (10,'Engenharia Eletrnica','#CC9900',1),
 (11,'Engenharia Qumica','#CC9900',1),
 (12,'Engenharia Eltrica','#CC9900',1),
 (13,'Administrao','#00B0F0',2),
 (16,'Cincias Contbeis','#9E7962',2),
 (17,'Educao Fsica','#FFFF99',3),
 (18,'Engenharia Mecnica','#CC9900',1),
 (20,'Jornalismo','#FDAD6B',3),
 (22,'Pedagogia','#00CED1',NULL),
 (23,'Publicidade e Propaganda','#B1A0C7',3),
 (24,'EAD','#FF8C00',NULL),
 (25,'Engenharia','#CC9900',1),
 (26,'Internet','#808080',NULL),
 (27,'Proeducar','#808000',NULL),
 (28,'Ps Graduao','#FF5050',NULL),
 (29,'Mestrado','#8B0000',NULL),
 (30,'Moda','#FFFF00',3);
/*!40000 ALTER TABLE `tb_curso` ENABLE KEYS */;


--
-- Definition of table `tb_disciplina`
--

DROP TABLE IF EXISTS `tb_disciplina`;
CREATE TABLE `tb_disciplina` (
  `cd_disciplina` int(11) NOT NULL AUTO_INCREMENT,
  `nm_disciplina` varchar(55) DEFAULT NULL,
  `cd_laboratorio` int(11) DEFAULT NULL,
  PRIMARY KEY (`cd_disciplina`),
  UNIQUE KEY `uk_nm_disciplina` (`nm_disciplina`) USING BTREE,
  KEY `fk_disciplina_laboratorio` (`cd_laboratorio`)
) ENGINE=InnoDB AUTO_INCREMENT=261 DEFAULT CHARSET=utf8;

--
-- Dumping data for table `tb_disciplina`
--

/*!40000 ALTER TABLE `tb_disciplina` DISABLE KEYS */;
INSERT INTO `tb_disciplina` (`cd_disciplina`,`nm_disciplina`,`cd_laboratorio`) VALUES 
 (1,'TCC II',NULL),
 (2,'TCC I',NULL),
 (3,'PRODUO TECNOLGICA',NULL),
 (4,'COMPUTAO GRFICA',NULL),
 (5,'CV - PG II',NULL),
 (6,'QM - AMBIENTAL II',NULL),
 (7,'MARKETING',NULL),
 (8,'REDES COMP II',NULL),
 (9,'LINGUAGENS DE PROGRAMAO II',NULL),
 (10,'BANCO DE DADOS II',NULL),
 (11,'CV - MTODOS',NULL),
 (12,'CV - PROJ. GRAD I',NULL),
 (13,'CV - METLICAS',NULL),
 (14,'PET - TECN REFINO',NULL),
 (15,'MC - AUTOMAO',NULL),
 (16,'QM - SIMULAO',NULL),
 (17,'PROD - GESTO',NULL),
 (18,'AUDITORIA',NULL),
 (19,'INTRODUO A COMPUTAO',NULL),
 (20,'PLAN. FINANCEIRO',NULL),
 (21,'COMPILAD. II',NULL),
 (22,'AUTOCAD',NULL),
 (23,'GEN. JORNAL',NULL),
 (24,'PESQ. E CRIAO',NULL),
 (25,'LEIT PROD DE TEXTOS II',NULL),
 (27,'LAB. REPRES ELETRN II',NULL),
 (28,'POLTICAS',NULL),
 (29,'GESTO AMBIENTAL',NULL),
 (31,'CP',NULL),
 (32,'CP - LINGUAGENS II',NULL),
 (33,'CP - CIN DIG II',NULL),
 (34,'EL - AUT. IND.',NULL),
 (35,'CP - ENG SOFTWARE',NULL),
 (36,'CP - ESTRUT DADOS',NULL),
 (37,'FOTOJORN.',NULL),
 (38,'SIST. DE INFORMAO',NULL),
 (39,'EDIO DE SOM II',NULL),
 (40,'TERIA DA COMUNICAO',NULL),
 (41,'DIREO E PROD II',NULL),
 (42,'LAB. PROD III',NULL),
 (43,'ENG/CAD',NULL),
 (44,'LING. PROGR IV',NULL),
 (45,'QM - PLAN ANAL',NULL),
 (46,'ENG-INTROD',NULL),
 (47,'ESTATSTICA',NULL),
 (48,'CONT. INTERMEDIRIA II',NULL),
 (49,'CV - ARMADO I',NULL),
 (51,'PET- METODOS',NULL),
 (53,'QM - AMBIENTAL I',NULL),
 (55,'CP - REDES II',NULL),
 (56,'FINANAS INTERNAC.',NULL),
 (57,'QM - TPICOS',NULL),
 (58,'ESTATSTICA II',NULL),
 (59,'PROD DIGIT I',NULL),
 (60,'PROD',NULL),
 (61,'ELETRON-PROG AVAN',NULL),
 (62,'PROD - PCP II',NULL),
 (63,'AGNC V-VI',NULL),
 (65,'ANLISE DE EMPRESAS',NULL),
 (67,'GESTO PORTURIA',NULL),
 (68,'CV - PROJ GRAD I',NULL),
 (69,'PET- GARANTIA',NULL),
 (70,'CV - PROJ VIAS',NULL),
 (71,'PRAT GER PROJ II',NULL),
 (72,'PLANEJ. & CONT. TRIBUTRIA II',NULL),
 (73,'MERCADO FINANC.',NULL),
 (74,'SIST. OPERAC II',NULL),
 (76,'PRODUO',NULL),
 (77,'RADIO I-II',NULL),
 (78,'INTR.RADIO I-I',NULL),
 (79,'TFC/ATIVID COMPL',NULL),
 (80,'LING. DESIGN EDIT',NULL),
 (81,'WEB DESIGN II',NULL),
 (82,'ADM. PROJETOS',NULL),
 (83,'EDIO',NULL),
 (84,'CP - MICROPROC',NULL),
 (85,'CP - ARQ COMP',NULL),
 (86,'EL - INTROD.',NULL),
 (87,'CP - PG II',NULL),
 (88,'MET. PESQ',NULL),
 (89,'GESTO DE MARCAS',NULL),
 (90,'ANIMAO E GAMES II',NULL),
 (91,'CRIAO AUDIOVISUAL',NULL),
 (92,'LAB. PORD. JORN',NULL),
 (95,'MET. PESQ. OP.',NULL),
 (96,'ANLISE DE CUSTOS',NULL),
 (97,'PESQUISA OPERACIONAL',NULL),
 (98,'TEORIA DA CONTABILIDADE',NULL),
 (99,'SISTEMAS DE INF.',NULL),
 (100,'MC - MTODOS',NULL),
 (101,'DIREITO E LEGISL TRIBUT',NULL),
 (102,'EX. FIS POP',NULL),
 (103,'EX. FIS SADE',NULL),
 (104,'INFORMT.',NULL),
 (108,'GESTO DE RISCOS',NULL),
 (110,'TECN. PROGR. II',NULL),
 (111,'SIST. DISTR II',NULL),
 (112,'FUNDAM. DE FINANAS',NULL),
 (114,'CV - PLANEJ',NULL),
 (115,'AGNC. III-IV',NULL),
 (116,'PROD. SIMULAO',NULL),
 (117,'EL - PG I',NULL),
 (118,'LING. PUBLIC',NULL),
 (119,'AGNC I-II',NULL),
 (120,'PET - PG I',NULL),
 (121,'ESTRUTURA DEM. FINANC',NULL),
 (123,'LING. PROGR II',NULL),
 (124,'REALIDADE VIRTUAL',NULL),
 (125,'CV - ESTTICA II',NULL),
 (126,'PROC. NEGCIOS',NULL),
 (128,'PET - PG II',NULL),
 (130,'SIST. WEB II',NULL),
 (134,'ELETRN. PROG',NULL),
 (135,'PLANEJ. GRFICO',NULL),
 (136,'VIDEO II',NULL),
 (137,'PROD MULTIMIDIA II',NULL),
 (138,'DESIGN GRF E TECN II',NULL),
 (139,'JOGOS DE EMPRESAS',NULL),
 (140,'LAB. PROD JORN',NULL),
 (141,'CP - SIST DE INF',NULL),
 (142,'CV - MEC SOLOS I',NULL),
 (143,'INFORMTICA BAS I',NULL),
 (144,'FINANAS',NULL),
 (145,'G. QUALIDADE',NULL),
 (146,'CLCULO',NULL),
 (147,'CV - INTR A COMP',NULL),
 (149,'CV - PROBABILIDADE',NULL),
 (150,'CP - TECN DE PROGR',NULL),
 (151,'LING  PROGR. II',NULL),
 (152,'SIST WEB  II',NULL),
 (153,'EX. FIS. SADE',NULL),
 (154,'PROD. JORN',NULL),
 (156,'SIST WEB IV',NULL),
 (157,'TCC',NULL),
 (158,'MET DES. SIST. II',NULL),
 (159,'ENG SOFTWARE II',NULL),
 (160,'LING PROGR IV',NULL),
 (161,'B. DE DADOS II',NULL),
 (162,'SIST OPERAC II',NULL),
 (164,'PROD MULTIMDIA III',NULL),
 (165,'EDIO VIDEO II',NULL),
 (166,'ALGORITMOS',NULL),
 (168,'PROD - PG II',NULL),
 (169,'PET - ENG ECONOMICA',NULL),
 (170,'INF. BSICA PJ.99',NULL),
 (171,'INF. BSICA II',NULL),
 (172,'CP - AUTOMAO',NULL),
 (173,'CV - ESTATISTICA II',NULL),
 (174,'PET- OPER',NULL),
 (176,'MC - MTODOS COMP',NULL),
 (178,'ENG CAD',NULL),
 (179,'OF. TEXTO I',NULL),
 (180,'LAB PROD MULTIMIDIA III',NULL),
 (181,'LAB REPRES GRAF III',NULL),
 (182,'EDIO DE VIDEO II',NULL),
 (184,'EL-SIST COM I',NULL),
 (185,'PROD. TECNOLOGIA',NULL),
 (186,'COMP. GRAF',NULL),
 (187,'PROD - PCP I',NULL),
 (188,'PROD - CONT. E CUSTOS',NULL),
 (189,'CV- PG II',NULL),
 (190,'CV - PG I',NULL),
 (191,'QM',NULL),
 (192,'CV',NULL),
 (193,'CP - REDES I',NULL),
 (194,'QM - PLAN. ANAL. EXP.',NULL),
 (195,'CP - PG I',NULL),
 (196,'CP - LINGUAGENS I',NULL),
 (197,'CP - SIST. DIG. III',NULL),
 (198,'CP - COM. DIG. I',NULL),
 (199,'EL - ARQ. SIST. I',NULL),
 (200,'PRINC. COM. I',NULL),
 (201,'PET',NULL),
 (202,'MC',NULL),
 (203,'EL',NULL),
 (204,'LEITURA E PROD. DE TEXTOS I',NULL),
 (205,'WEB DESIGN I',NULL),
 (206,'DESIGN GRF. E TECNOLOGIA I',NULL),
 (207,'LAB. DE REPRES. ELETRNICA I',NULL),
 (208,'EDIO E MONT. DE SOM I',NULL),
 (209,'DIREO E PRODUO I',NULL),
 (210,'DIREO DE ARTE',NULL),
 (211,'ANIMAO E GAMES I',NULL),
 (212,'PROD. MULTIMDIA I',NULL),
 (213,'INFORM. BSICA - PROJ. 99',NULL),
 (214,'PRTICA PROFISSIONAL',NULL),
 (215,'ENG. DE SOFTWARE I',NULL),
 (216,'ELETRNICA',NULL),
 (217,'PROD. MTODOS',NULL),
 (218,'MET. DES. SIST. I',NULL),
 (219,'LING. PROGR. I',NULL),
 (220,'LING. PROGR. III',NULL),
 (221,'SIST. WEB I',NULL),
 (222,'SIST. WEB III',NULL),
 (223,'SIST. OPERAC. I',NULL),
 (224,'BANCO DE DADOS I',NULL),
 (225,'PRAT. GER. PROJ. I',NULL),
 (226,'REDES COMP. I',NULL),
 (227,'TECN. PROGR. I',NULL),
 (228,'COMPILAD. I',NULL),
 (229,'SIST. DISTR. I',NULL),
 (230,'INTERF. H/M',NULL),
 (231,'PROD. GRFICVIS.I',NULL),
 (232,'PLANEJ. CAMPANHA',NULL),
 (233,'WEB DESIGN III',NULL),
 (234,'EDIO DE MONT. DE VDEO I',NULL),
 (235,'TP. ESP. DE HIDRULICA',NULL),
 (236,'MEC. DOS FLUDOS E ESC. BIFSICO',NULL),
 (237,'AUT. E CONTR. DE PROC. INDUSTRIAIS',NULL),
 (238,'MET. AVAN. PARA ENG MECNICA',NULL),
 (239,'PROB. STATISTICA',NULL),
 (240,'MEC. DOS SOLOS I',NULL),
 (241,'COMP. APLICADA',NULL),
 (242,'PROJ. DE VIAS',NULL),
 (243,'Princ. Civil',NULL),
 (244,'CAD',NULL),
 (245,'CP - HARDWARE',NULL),
 (246,'COM. VISUAL',NULL),
 (247,'INFORMTICA I ',NULL),
 (248,'INFORMTICA III',NULL),
 (249,'INFORMTICA II',NULL),
 (250,'COMP. DECORATIVA',NULL),
 (251,'PERSP. DETALH.',NULL),
 (252,'ARQ. INFORM. I',NULL),
 (253,'PROJ. INTERIORES I',NULL),
 (254,'PROJ. V - ARQUIT.',NULL),
 (255,'MTODOS MATEMTICOS APLICADOS',NULL),
 (256,'SISTEMAS DE COMBUSTO',NULL),
 (257,'TRATAMENTOS TRMICOS',NULL),
 (258,'PROPRIEDADES DOS MATERIAIS',NULL),
 (259,'COMANDOS E ACI. EQUIP. ELETROMEC.',NULL),
 (260,'DEGRADAO DE MATERIAIS',NULL);
/*!40000 ALTER TABLE `tb_disciplina` ENABLE KEYS */;


--
-- Definition of table `tb_laboratorio`
--

DROP TABLE IF EXISTS `tb_laboratorio`;
CREATE TABLE `tb_laboratorio` (
  `cd_laboratorio` int(11) NOT NULL AUTO_INCREMENT,
  `nm_laboratorio` varchar(20) DEFAULT NULL,
  `ic_ativado` tinyint(1) DEFAULT '0',
  PRIMARY KEY (`cd_laboratorio`),
  UNIQUE KEY `nm_laboratorio` (`nm_laboratorio`)
) ENGINE=InnoDB AUTO_INCREMENT=37 DEFAULT CHARSET=utf8;

--
-- Dumping data for table `tb_laboratorio`
--

/*!40000 ALTER TABLE `tb_laboratorio` DISABLE KEYS */;
INSERT INTO `tb_laboratorio` (`cd_laboratorio`,`nm_laboratorio`,`ic_ativado`) VALUES 
 (1,'ATELI A',1),
 (2,'ATELI B',1),
 (3,'A01',1),
 (4,'D02',1),
 (5,'E822',1),
 (6,'M121',1),
 (8,'M122',1),
 (9,'M123',1),
 (10,'M125A',1),
 (11,'M125B',1),
 (12,'M126',1),
 (13,'M217',1),
 (14,'M218',1),
 (15,'M219',1),
 (16,'M220',1),
 (17,'M221',1),
 (18,'M222',1),
 (19,'M223',1),
 (20,'M225A',1),
 (21,'M225B',1),
 (22,'M226',1),
 (23,'M227',1),
 (24,'M319',1),
 (25,'M321',1),
 (26,'M323',1),
 (27,'M325A',1),
 (28,'M325B',1),
 (29,'M425',1),
 (30,'M426',1),
 (31,'M513',1),
 (32,'M515',1),
 (33,'M517',1),
 (34,'E821',0),
 (36,'Laboratrio Teste',0);
/*!40000 ALTER TABLE `tb_laboratorio` ENABLE KEYS */;


--
-- Definition of table `tb_materia`
--

DROP TABLE IF EXISTS `tb_materia`;
CREATE TABLE `tb_materia` (
  `cd_materia` int(11) NOT NULL AUTO_INCREMENT,
  `nm_materia` varchar(55) DEFAULT NULL,
  `cd_laboratorio` int(11) DEFAULT NULL,
  PRIMARY KEY (`cd_materia`),
  UNIQUE KEY `uk_nm_materia` (`nm_materia`) USING BTREE,
  KEY `fk_materia_laboratorio` (`cd_laboratorio`)
) ENGINE=InnoDB AUTO_INCREMENT=261 DEFAULT CHARSET=utf8;

--
-- Dumping data for table `tb_materia`
--

/*!40000 ALTER TABLE `tb_materia` DISABLE KEYS */;
INSERT INTO `tb_materia` (`cd_materia`,`nm_materia`,`cd_laboratorio`) VALUES 
 (1,'TCC II',NULL),
 (2,'TCC I',NULL),
 (3,'PRODUO TECNOLGICA',NULL),
 (4,'COMPUTAO GRFICA',NULL),
 (5,'CV - PG II',NULL),
 (6,'QM - AMBIENTAL II',NULL),
 (7,'MARKETING',NULL),
 (8,'REDES COMP II',NULL),
 (9,'LINGUAGENS DE PROGRAMAO II',NULL),
 (10,'BANCO DE DADOS II',NULL),
 (11,'CV - MTODOS',NULL),
 (12,'CV - PROJ. GRAD I',NULL),
 (13,'CV - METLICAS',NULL),
 (14,'PET - TECN REFINO',NULL),
 (15,'MC - AUTOMAO',NULL),
 (16,'QM - SIMULAO',NULL),
 (17,'PROD - GESTO',NULL),
 (18,'AUDITORIA',NULL),
 (19,'INTRODUO A COMPUTAO',NULL),
 (20,'PLAN. FINANCEIRO',NULL),
 (21,'COMPILAD. II',NULL),
 (22,'AUTOCAD',NULL),
 (23,'GEN. JORNAL',NULL),
 (24,'PESQ. E CRIAO',NULL),
 (25,'LEIT PROD DE TEXTOS II',NULL),
 (27,'LAB. REPRES ELETRN II',NULL),
 (28,'POLTICAS',NULL),
 (29,'GESTO AMBIENTAL',NULL),
 (31,'CP',NULL),
 (32,'CP - LINGUAGENS II',NULL),
 (33,'CP - CIN DIG II',NULL),
 (34,'EL - AUT. IND.',NULL),
 (35,'CP - ENG SOFTWARE',NULL),
 (36,'CP - ESTRUT DADOS',NULL),
 (37,'FOTOJORN.',NULL),
 (38,'SIST. DE INFORMAO',NULL),
 (39,'EDIO DE SOM II',NULL),
 (40,'TERIA DA COMUNICAO',NULL),
 (41,'DIREO E PROD II',NULL),
 (42,'LAB. PROD III',NULL),
 (43,'ENG/CAD',NULL),
 (44,'LING. PROGR IV',NULL),
 (45,'QM - PLAN ANAL',NULL),
 (46,'ENG-INTROD',NULL),
 (47,'ESTATSTICA',NULL),
 (48,'CONT. INTERMEDIRIA II',NULL),
 (49,'CV - ARMADO I',NULL),
 (51,'PET- METODOS',NULL),
 (53,'QM - AMBIENTAL I',NULL),
 (55,'CP - REDES II',NULL),
 (56,'FINANAS INTERNAC.',NULL),
 (57,'QM - TPICOS',NULL),
 (58,'ESTATSTICA II',NULL),
 (59,'PROD DIGIT I',NULL),
 (60,'PROD',NULL),
 (61,'ELETRON-PROG AVAN',NULL),
 (62,'PROD - PCP II',NULL),
 (63,'AGNC V-VI',NULL),
 (65,'ANLISE DE EMPRESAS',NULL),
 (67,'GESTO PORTURIA',NULL),
 (68,'CV - PROJ GRAD I',NULL),
 (69,'PET- GARANTIA',NULL),
 (70,'CV - PROJ VIAS',NULL),
 (71,'PRAT GER PROJ II',NULL),
 (72,'PLANEJ. & CONT. TRIBUTRIA II',NULL),
 (73,'MERCADO FINANC.',NULL),
 (74,'SIST. OPERAC II',NULL),
 (76,'PRODUO',NULL),
 (77,'RADIO I-II',NULL),
 (78,'INTR.RADIO I-I',NULL),
 (79,'TFC/ATIVID COMPL',NULL),
 (80,'LING. DESIGN EDIT',NULL),
 (81,'WEB DESIGN II',NULL),
 (82,'ADM. PROJETOS',NULL),
 (83,'EDIO',NULL),
 (84,'CP - MICROPROC',NULL),
 (85,'CP - ARQ COMP',NULL),
 (86,'EL - INTROD.',NULL),
 (87,'CP - PG II',NULL),
 (88,'MET. PESQ',NULL),
 (89,'GESTO DE MARCAS',NULL),
 (90,'ANIMAO E GAMES II',NULL),
 (91,'CRIAO AUDIOVISUAL',NULL),
 (92,'LAB. PORD. JORN',NULL),
 (95,'MET. PESQ. OP.',NULL),
 (96,'ANLISE DE CUSTOS',NULL),
 (97,'PESQUISA OPERACIONAL',NULL),
 (98,'TEORIA DA CONTABILIDADE',NULL),
 (99,'SISTEMAS DE INF.',NULL),
 (100,'MC - MTODOS',NULL),
 (101,'DIREITO E LEGISL TRIBUT',NULL),
 (102,'EX. FIS POP',NULL),
 (103,'EX. FIS SADE',NULL),
 (104,'INFORMT.',NULL),
 (108,'GESTO DE RISCOS',NULL),
 (110,'TECN. PROGR. II',NULL),
 (111,'SIST. DISTR II',NULL),
 (112,'FUNDAM. DE FINANAS',NULL),
 (114,'CV - PLANEJ',NULL),
 (115,'AGNC. III-IV',NULL),
 (116,'PROD. SIMULAO',NULL),
 (117,'EL - PG I',NULL),
 (118,'LING. PUBLIC',NULL),
 (119,'AGNC I-II',NULL),
 (120,'PET - PG I',NULL),
 (121,'ESTRUTURA DEM. FINANC',NULL),
 (123,'LING. PROGR II',NULL),
 (124,'REALIDADE VIRTUAL',NULL),
 (125,'CV - ESTTICA II',NULL),
 (126,'PROC. NEGCIOS',NULL),
 (128,'PET - PG II',NULL),
 (130,'SIST. WEB II',NULL),
 (134,'ELETRN. PROG',NULL),
 (135,'PLANEJ. GRFICO',NULL),
 (136,'VIDEO II',NULL),
 (137,'PROD MULTIMIDIA II',NULL),
 (138,'DESIGN GRF E TECN II',NULL),
 (139,'JOGOS DE EMPRESAS',NULL),
 (140,'LAB. PROD JORN',NULL),
 (141,'CP - SIST DE INF',NULL),
 (142,'CV - MEC SOLOS I',NULL),
 (143,'INFORMTICA BAS I',NULL),
 (144,'FINANAS',NULL),
 (145,'G. QUALIDADE',NULL),
 (146,'CLCULO',NULL),
 (147,'CV - INTR A COMP',NULL),
 (149,'CV - PROBABILIDADE',NULL),
 (150,'CP - TECN DE PROGR',NULL),
 (151,'LING  PROGR. II',NULL),
 (152,'SIST WEB  II',NULL),
 (153,'EX. FIS. SADE',NULL),
 (154,'PROD. JORN',NULL),
 (156,'SIST WEB IV',NULL),
 (157,'TCC',NULL),
 (158,'MET DES. SIST. II',NULL),
 (159,'ENG SOFTWARE II',NULL),
 (160,'LING PROGR IV',NULL),
 (161,'B. DE DADOS II',NULL),
 (162,'SIST OPERAC II',NULL),
 (164,'PROD MULTIMDIA III',NULL),
 (165,'EDIO VIDEO II',NULL),
 (166,'ALGORITMOS',NULL),
 (168,'PROD - PG II',NULL),
 (169,'PET - ENG ECONOMICA',NULL),
 (170,'INF. BSICA PJ.99',NULL),
 (171,'INF. BSICA II',NULL),
 (172,'CP - AUTOMAO',NULL),
 (173,'CV - ESTATISTICA II',NULL),
 (174,'PET- OPER',NULL),
 (176,'MC - MTODOS COMP',NULL),
 (178,'ENG CAD',NULL),
 (179,'OF. TEXTO I',NULL),
 (180,'LAB PROD MULTIMIDIA III',NULL),
 (181,'LAB REPRES GRAF III',NULL),
 (182,'EDIO DE VIDEO II',NULL),
 (184,'EL-SIST COM I',NULL),
 (185,'PROD. TECNOLOGIA',NULL),
 (186,'COMP. GRAF',NULL),
 (187,'PROD - PCP I',NULL),
 (188,'PROD - CONT. E CUSTOS',NULL),
 (189,'CV- PG II',NULL),
 (190,'CV - PG I',NULL),
 (191,'QM',NULL),
 (192,'CV',NULL),
 (193,'CP - REDES I',NULL),
 (194,'QM - PLAN. ANAL. EXP.',NULL),
 (195,'CP - PG I',NULL),
 (196,'CP - LINGUAGENS I',NULL),
 (197,'CP - SIST. DIG. III',NULL),
 (198,'CP - COM. DIG. I',NULL),
 (199,'EL - ARQ. SIST. I',NULL),
 (200,'PRINC. COM. I',NULL),
 (201,'PET',NULL),
 (202,'MC',NULL),
 (203,'EL',NULL),
 (204,'LEITURA E PROD. DE TEXTOS I',NULL),
 (205,'WEB DESIGN I',NULL),
 (206,'DESIGN GRF. E TECNOLOGIA I',NULL),
 (207,'LAB. DE REPRES. ELETRNICA I',NULL),
 (208,'EDIO E MONT. DE SOM I',NULL),
 (209,'DIREO E PRODUO I',NULL),
 (210,'DIREO DE ARTE',NULL),
 (211,'ANIMAO E GAMES I',NULL),
 (212,'PROD. MULTIMDIA I',NULL),
 (213,'INFORM. BSICA - PROJ. 99',NULL),
 (214,'PRTICA PROFISSIONAL',NULL),
 (215,'ENG. DE SOFTWARE I',NULL),
 (216,'ELETRNICA',NULL),
 (217,'PROD. MTODOS',NULL),
 (218,'MET. DES. SIST. I',NULL),
 (219,'LING. PROGR. I',NULL),
 (220,'LING. PROGR. III',NULL),
 (221,'SIST. WEB I',NULL),
 (222,'SIST. WEB III',NULL),
 (223,'SIST. OPERAC. I',NULL),
 (224,'BANCO DE DADOS I',NULL),
 (225,'PRAT. GER. PROJ. I',NULL),
 (226,'REDES COMP. I',NULL),
 (227,'TECN. PROGR. I',NULL),
 (228,'COMPILAD. I',NULL),
 (229,'SIST. DISTR. I',NULL),
 (230,'INTERF. H/M',NULL),
 (231,'PROD. GRFICVIS.I',NULL),
 (232,'PLANEJ. CAMPANHA',NULL),
 (233,'WEB DESIGN III',NULL),
 (234,'EDIO DE MONT. DE VDEO I',NULL),
 (235,'TP. ESP. DE HIDRULICA',NULL),
 (236,'MEC. DOS FLUDOS E ESC. BIFSICO',NULL),
 (237,'AUT. E CONTR. DE PROC. INDUSTRIAIS',NULL),
 (238,'MET. AVAN. PARA ENG MECNICA',NULL),
 (239,'PROB. STATISTICA',NULL),
 (240,'MEC. DOS SOLOS I',NULL),
 (241,'COMP. APLICADA',NULL),
 (242,'PROJ. DE VIAS',NULL),
 (243,'Princ. Civil',NULL),
 (244,'CAD',NULL),
 (245,'CP - HARDWARE',NULL),
 (246,'COM. VISUAL',NULL),
 (247,'INFORMTICA I ',NULL),
 (248,'INFORMTICA III',NULL),
 (249,'INFORMTICA II',NULL),
 (250,'COMP. DECORATIVA',NULL),
 (251,'PERSP. DETALH.',NULL),
 (252,'ARQ. INFORM. I',NULL),
 (253,'PROJ. INTERIORES I',NULL),
 (254,'PROJ. V - ARQUIT.',NULL),
 (255,'MTODOS MATEMTICOS APLICADOS',NULL),
 (256,'SISTEMAS DE COMBUSTO',NULL),
 (257,'TRATAMENTOS TRMICOS',NULL),
 (258,'PROPRIEDADES DOS MATERIAIS',NULL),
 (259,'COMANDOS E ACI. EQUIP. ELETROMEC.',NULL),
 (260,'DEGRADAO DE MATERIAIS',NULL);
/*!40000 ALTER TABLE `tb_materia` ENABLE KEYS */;


--
-- Definition of table `tb_possivel_aula`
--

DROP TABLE IF EXISTS `tb_possivel_aula`;
CREATE TABLE `tb_possivel_aula` (
  `cd_aula` int(11) NOT NULL AUTO_INCREMENT,
  `dd_semana_aula` tinyint(1) DEFAULT NULL,
  `ds_periodo` char(1) COLLATE utf8_unicode_ci DEFAULT NULL,
  `cd_horario` tinyint(1) DEFAULT NULL,
  `cd_curso` int(11) DEFAULT NULL,
  `cd_disciplina` int(11) DEFAULT NULL,
  `cd_professor` int(11) DEFAULT NULL,
  `cd_laboratorio` int(11) DEFAULT NULL,
  `ds_semestre` varchar(10) COLLATE utf8_unicode_ci DEFAULT NULL,
  `ic_conflito` tinyint(1) DEFAULT '0',
  PRIMARY KEY (`cd_aula`),
  KEY `fk_aula_curso` (`cd_curso`),
  KEY `fk_aula_disciplina` (`cd_disciplina`),
  KEY `fk_aula_professor` (`cd_professor`),
  KEY `fk_aula_laboratorio` (`cd_laboratorio`)
) ENGINE=InnoDB DEFAULT CHARSET=utf8 COLLATE=utf8_unicode_ci;

--
-- Dumping data for table `tb_possivel_aula`
--

/*!40000 ALTER TABLE `tb_possivel_aula` DISABLE KEYS */;
/*!40000 ALTER TABLE `tb_possivel_aula` ENABLE KEYS */;


--
-- Definition of table `tb_professor`
--

DROP TABLE IF EXISTS `tb_professor`;
CREATE TABLE `tb_professor` (
  `cd_professor` int(11) NOT NULL AUTO_INCREMENT,
  `nm_professor` varchar(50) DEFAULT NULL,
  `nm_sexo` varchar(9) DEFAULT NULL,
  PRIMARY KEY (`cd_professor`)
) ENGINE=InnoDB AUTO_INCREMENT=162 DEFAULT CHARSET=utf8;

--
-- Dumping data for table `tb_professor`
--

/*!40000 ALTER TABLE `tb_professor` DISABLE KEYS */;
INSERT INTO `tb_professor` (`cd_professor`,`nm_professor`,`nm_sexo`) VALUES 
 (1,'NECO',NULL),
 (2,'CRISTINA',NULL),
 (3,'VALQUIRIA',NULL),
 (4,'DANIEL',NULL),
 (5,'AGNALDO',NULL),
 (6,'FRANCISCO CAROL',NULL),
 (7,'ROSANA',NULL),
 (8,'EDMIR',NULL),
 (9,'NELSON',NULL),
 (10,'ANA CAROLINA',NULL),
 (11,'DANIELA',NULL),
 (12,'HUGO',NULL),
 (13,'SHOZO',NULL),
 (14,'PAULA',NULL),
 (15,'MORILLA',NULL),
 (16,'MASSOTE',NULL),
 (17,'LIMA',NULL),
 (18,'GERSON',NULL),
 (19,'GUSTAVO',NULL),
 (20,'REGIS',NULL),
 (21,'EDSON',NULL),
 (22,'WANDERLEY',NULL),
 (23,'PAULO',NULL),
 (24,'NILENE',NULL),
 (25,'RONALDO',NULL),
 (26,'DAMIN',NULL),
 (27,'ELENI',NULL),
 (28,'DELMIRO',NULL),
 (29,'ZUZILENE',NULL),
 (31,'REGINA',NULL),
 (32,'VANDR',NULL),
 (33,'RICARDO',NULL),
 (34,'RITA',NULL),
 (35,'CLAUDIO',NULL),
 (36,'ALBERTO',NULL),
 (37,'COLETTO',NULL),
 (38,'FRANCIELE',NULL),
 (39,'ASENJO',NULL),
 (40,'EDITH',NULL),
 (41,'MASSAU',NULL),
 (42,'NINA',NULL),
 (43,'ALEXANDRE',NULL),
 (44,'WASHINGTON',NULL),
 (45,'LUIZ ANDR',NULL),
 (46,'SYDNEI',NULL),
 (47,'VICENTE',NULL),
 (48,'LUS GARCIA',NULL),
 (49,'IVANILTO',NULL),
 (50,'MONTICUCO',NULL),
 (51,'NEVES',NULL),
 (52,'BRANQUINHO',NULL),
 (53,'JOO',NULL),
 (54,'MEDINA',NULL),
 (55,'PEEL',NULL),
 (56,'GUERRA',NULL),
 (58,'CORREA',NULL),
 (59,'AMBROSIO',NULL),
 (61,'RODRIGO',NULL),
 (62,'DANILO',NULL),
 (63,'ESPERANA',NULL),
 (64,'NILTON',NULL),
 (65,'VITOR',NULL),
 (66,'INS',NULL),
 (67,'DORA',NULL),
 (68,'AMARAL',NULL),
 (69,'DANI',NULL),
 (71,'LIA',NULL),
 (75,'SCHROEDER',NULL),
 (76,'LIGIA',NULL),
 (77,'REINALDO',NULL),
 (78,'DALLAN',NULL),
 (79,'ALDO',NULL),
 (80,'ACCIO',NULL),
 (81,'LA SCALLA',NULL),
 (82,'LUIZ',NULL),
 (83,'RAQUEL',NULL),
 (84,'FERNANDO',NULL),
 (85,'CP',NULL),
 (86,'NARA',NULL),
 (87,'WANDA',NULL),
 (88,'HELDER',NULL),
 (89,'DURVAL',NULL),
 (90,'VRIOS PROF.',NULL),
 (92,'RIKA',NULL),
 (93,'DRIKA',NULL),
 (94,'MARCO',NULL),
 (95,'OKIDA',NULL),
 (96,'BAR',NULL),
 (97,'ANDR',NULL),
 (98,'HERNANI',NULL),
 (99,'SOBRINO',NULL),
 (100,'SANTANA',NULL),
 (101,'ANSIO',NULL),
 (102,'FAGNER',NULL),
 (103,'PABLO',NULL),
 (106,'MAURICIO',NULL),
 (107,'ENZO',NULL),
 (108,'RANGEL',NULL),
 (109,'IRENE',NULL),
 (110,'GALLI',NULL),
 (111,'EVANGELISTA',NULL),
 (112,'HILDEBRANDO',NULL),
 (113,'BARBUY',NULL),
 (114,'FERNANDES',NULL),
 (115,'LAURA',NULL),
 (116,'MRIO',NULL),
 (117,'VALRIA',NULL),
 (119,'ROLDEN',NULL),
 (120,'GERSON',NULL),
 (121,'DANIELLA',NULL),
 (122,'ALMANIR',NULL),
 (123,'MARIA RITA',NULL),
 (124,'CAROL',NULL),
 (125,'GUERRA',NULL),
 (126,'BERGA',NULL),
 (127,'CHARLES',NULL),
 (128,'DBORA',NULL),
 (129,'MOSSINI',NULL),
 (130,'ALEX',NULL),
 (131,'ERIBERTO',NULL),
 (132,'JUAREZ',NULL),
 (133,'BRAZ',NULL),
 (134,'CID',NULL),
 (135,'EDUARDO',NULL),
 (136,'ALESSANDRA',NULL),
 (137,'INTERNET',NULL),
 (138,'EAD',NULL),
 (139,'ATENDIMENTO',NULL),
 (140,'PROEDUCAR',NULL),
 (141,'ANA PAULA',NULL),
 (142,'RODRIGO MORILLA',NULL),
 (143,'RODINEY',NULL),
 (144,'VRIOS PROF.',NULL),
 (145,'MRCIA',NULL),
 (146,'ADRIANO',NULL),
 (147,'HLIO',NULL),
 (148,'MARLENE',NULL),
 (149,'ALDO',NULL),
 (150,'CLUDIO RODRIGO',NULL),
 (151,'FELIPE',NULL),
 (152,'ROSELY',NULL),
 (153,'DOUGLAS E NELSON',NULL),
 (154,'DOUGLAS',NULL),
 (155,'NELSON',NULL),
 (156,'ROCCO',NULL),
 (157,'MARCOS VINCIUS',NULL),
 (158,'LUCAS',NULL),
 (159,'WILLY',NULL),
 (160,'EMMANUELLE S',NULL),
 (161,'NATHLIA CAROLINA',NULL);
/*!40000 ALTER TABLE `tb_professor` ENABLE KEYS */;


--
-- Definition of table `tb_secretaria`
--

DROP TABLE IF EXISTS `tb_secretaria`;
CREATE TABLE `tb_secretaria` (
  `cd_secretaria` int(11) NOT NULL AUTO_INCREMENT,
  `nm_secretaria` varchar(50) COLLATE utf8_unicode_ci DEFAULT NULL,
  PRIMARY KEY (`cd_secretaria`)
) ENGINE=InnoDB AUTO_INCREMENT=4 DEFAULT CHARSET=utf8 COLLATE=utf8_unicode_ci;

--
-- Dumping data for table `tb_secretaria`
--

/*!40000 ALTER TABLE `tb_secretaria` DISABLE KEYS */;
INSERT INTO `tb_secretaria` (`cd_secretaria`,`nm_secretaria`) VALUES 
 (1,'Secretaria de Engenharia'),
 (2,'Secretaria de ADM'),
 (3,'Secretaria de Sade');
/*!40000 ALTER TABLE `tb_secretaria` ENABLE KEYS */;


--
-- Definition of table `tb_software`
--

DROP TABLE IF EXISTS `tb_software`;
CREATE TABLE `tb_software` (
  `cd_software` int(11) NOT NULL AUTO_INCREMENT,
  `nm_software` varchar(100) COLLATE utf8_unicode_ci DEFAULT NULL,
  PRIMARY KEY (`cd_software`),
  UNIQUE KEY `nm_software` (`nm_software`)
) ENGINE=InnoDB AUTO_INCREMENT=24 DEFAULT CHARSET=utf8 COLLATE=utf8_unicode_ci;

--
-- Dumping data for table `tb_software`
--

/*!40000 ALTER TABLE `tb_software` DISABLE KEYS */;
INSERT INTO `tb_software` (`cd_software`,`nm_software`) VALUES 
 (15,'AutoCAD'),
 (21,'Contmatic Phoenix'),
 (18,'Corel Draw X3'),
 (19,'ECONOMATICA'),
 (14,'Java JDK'),
 (16,'Kerkythea 2008'),
 (10,'Microsoft Access'),
 (8,'Microsoft Excel'),
 (9,'Microsoft PowerPoint'),
 (11,'Microsoft Publisher'),
 (13,'Microsoft SQL Server Management Studio'),
 (7,'Microsoft Word'),
 (22,'Oracle Virtual Box'),
 (20,'SAP2000'),
 (17,'SketchUpMake'),
 (23,'Skype'),
 (12,'Visual Studio Ultimate');
/*!40000 ALTER TABLE `tb_software` ENABLE KEYS */;




/*!40101 SET SQL_MODE=@OLD_SQL_MODE */;
/*!40014 SET FOREIGN_KEY_CHECKS=@OLD_FOREIGN_KEY_CHECKS */;
/*!40014 SET UNIQUE_CHECKS=@OLD_UNIQUE_CHECKS */;
/*!40101 SET CHARACTER_SET_CLIENT=@OLD_CHARACTER_SET_CLIENT */;
/*!40101 SET CHARACTER_SET_RESULTS=@OLD_CHARACTER_SET_RESULTS */;
/*!40101 SET COLLATION_CONNECTION=@OLD_COLLATION_CONNECTION */;
/*!40101 SET CHARACTER_SET_CLIENT=@OLD_CHARACTER_SET_CLIENT */;
